Part Number,	Item Name, 	Quantity, 	Location Room, 		Location Row,	Location Column, Location Shelf ,Barcode, 	Item Description
"w/m valve3/4"" tee","w/m valve3/4"" tee",1, A, B, C , D,,Charcoalfilter mod.fwu 50
49002387,spider,1, A, B, C , D,49002387,
41008852,door gasket,1, A, B,  , ,41008852,
ppw356,ball valve kit,1, A, B, C , D,ppw356,
ppw345,ball valve washer pin kit,1, A, B,  , D,ppw345,
3518,bottom oven element,1, A, B,  , D,3518,
hasj60,halolite dimmable transformer ,2, A, B, C , D,hasj60,
cfc7323,flex cable,1, A, B, C , D,cfc7323,
merc00113862,drum bearing rear t/d,1, A, B, C , D,merc00113862,
dst3792260725,valve,1, A, B,  , ,dst3792260725,Masking cover fasten. set
hvr91213918,valve,1, A, B,,,hvr91213918,
1520512052,basket runner,2, A, B,,,1520512052,
wel8150,wellco gls lamp 60w,5, A, B,,,wel8150,
hpt1602390,interlock indesit,1, A, B,,,hpt1602390,
sel4821,oil seal 30x52x10,1, A, B,,,sel4821,
brg6204zzskf,beams ball race 62042,1, A, B,,,brg6204zzskf,
hpt1601660,spring restraint rear,1, A, B,,,hpt1601660,
hpt1601661,front restraint spring,1, A, B,,,hpt1601661,
hpt1703666,drive belt 1860 9phe tum,1, A, B,,,hpt1703666,
blt9198,belt drum polyvee 1894h7,1, A, B,,,blt9198,
whl9126,basket wheel upper,4, A, B,,,whl9126,
blt9105,drive belt el1860h7,1, A, B,,,blt9105,
whl9268,basket wheel upper earl,4, A, B,,,whl9268,
hpt1603910,carbon brush set fhp,1, A, B,,,hpt1603910,
plm723,hose connector 17mmx21mm,1, A, B,,,plm723,
plm90182,adaptor drain hose end,6, A, B,,,plm90182,
hvr41018403,drain pump complete,1, A, B,,,hvr41018403,
plm604,hose connector 17mmx17mm,1, A, B,,,plm604,
val894,valve inlet solenoid sin,1, A, B,,,val894,
val951,valve inlet solenoid dou,1, A, B,,,val951,
hvr41026150,pressure switch 62L,1, A, B,,,hvr41026150,
hvr66655729,hose switch pressure ldy,1, A, B,,,hvr66655729,
cre1701583,thermostat cut out kit,2, A, B,,,cre1701583,
mtr 807,motor spin mount rubber,3, A, B,,,mtr 807,
dyn0292503,clutch assembly upr,1, A, B,,,dyn0292503,
dyn0251401,clutch to motor drive,1, A, B,,,dyn0251401,
ele5231,cutlery basket,1, A, B,,,ele5231,
cbn2222,carbon brush motor,1, A, B,,,cbn2222,
blt207,multi rib belt 1280j6el,1, A, B,,,blt207,
crs421309208081,motor cw pulley/capacitor,1, A, B,,,crs421309208081,
hpt1701575,thermostat front sir,1, A, B,,,hpt1701575,
hvr91941075,round heating element,1, A, B,,,hvr91941075,
num230155,carbon brush hvr200-22,1, A, B,,,num230155,
num220702,carbon brush cyl hvr 200,1, A, B,,,num220702,
quatoc40,thermostat kit green spot,1, A, B,,,quatoc40,
hvr97916670,carbon brush & holder,1, A, B,,,hvr97916670,
dst506008303006,thermosat main oven,1, A, B,,,dst506008303006,
plm604,hose end connector,1, A, B,,,plm604,
merc00110333,valve solenoid cold w113,1, A, B,,,merc00110333,
cre1701583,thermomstat cut out kit,1, A, B,,,cre1701583,
lacfl36w,36w energy spiral,1, A, B,,,lacfl36w,
merc00262243,thermostat kit ,1, A, B,,,merc00262243,
hpt170311,thermostat heater cuto,1, A, B,,,hpt170311,
05sk05,skf6205zz shielded bearing,1, A, B,,,05sk05,
54zn15,seal30x52x10/12,1, A, B,,,54zn15,
05un 03,shielded bearing 20x47x14,1, A, B,,,05un 03,
54zn15,seal for spider,1, A, B,,,54zn15,
12sv01,round carbon brushes,2, A, B,,,12sv01,
05hp30,hotpoint 1400 drum kit,1, A, B,,,05hp30,
05hp06,hotpoint 7 drum kit,1, A, B,,,05hp06,
12in10,ceset carbon brushes,1, A, B,,,12in10,
quagsk25,washer cork tripod,1, A, B,,,quagsk25,
quagsk23,gyrator washer hotpoint,1, A, B,,,quagsk23,
quasl66,carbon seal face,1, A, B,,,quasl66,
quacar91,carbon brush fhp ,1, A, B,,,quacar91,
dst1240180065,pump drain w/m,1, A, B,,,dst1240180065,
,,, A, B,,,,
hvr91201693,pressure switch ,1,A, B,,,hvr91201693,
12-ar-06,seini carbon brush x2,1,, B,,,12-ar-06,
12-ar-06,seini carbon brush x2,1,, B,,,12-ar-06,
quacar13,carbon brushes ea1,1,, B,,,quacar13,
7537,3/4bsp fxf in-line strainer,2,, B,,,7537,
7140,speedfit 22m pipe support,2,, B,,,7140,
7139,speedfit 15m pipe support,5,, B,,,7139,
wel4031,wellco premium lightswitch,1,, B,,,wel4031,
dor3446,door interlock switch,1,, B,,,dor3446,
swt9097,switch on/off,1,, B,,,swt9097,
dst50265479001,carbon & holder,1,, B,,,dst50265479001,
dst1240348506,door interlock 3 tag,1,, B,,,dst1240348506,
dys950163,door hinge bracket,1,, B,,,dys950163,
hvr97922819,askoll drain pump,1,, B,,,hvr97922819,
q904299,pvc hose4x6,2,, B,,,q904299,
q325648,pvc hose4x6 blue,1,, B,,,q325648,
hpt1603030,hugetop bottom w/m,1,, B,,,hpt1603030,
hpt1701426,huge door ldy td,1,, B,,,hpt1701426,
hpt1703200,thermostat toc kit,1,, B,,,hpt1703200,
dst1249685007,bearing seal ldy,1,, B,,,dst1249685007,
blt10008,belt drive ldy,1,, B,,,blt10008,
hvr91201546,heating element,1,, B,,,hvr91201546,
blk0546nc,flourescent starter 125w,1,, B,,,blk0546nc,
hvr97916670,carbon brush,1,, B,,,hvr97916670,
cfc7323,cable 1.00mm 10a,1,, B,,,cfc7323,
hpt1604486,heating element,1,, B,,,hpt1604486,
bek1886790500,capacitor,1,, B,,,bek1886790500,
tls9024,glass hob ceramic knife,1,, B,,,tls9024,
hpt0851054,fusible link thermal,1,, B,,,hpt0851054,
aw23,dispenser hose,1,, B,,,aw23,
hse3667,pressure switch hose 100,1,, B,,,hse3667,
hvr09200626,carbon brush + holder hvr,1,, B,,,hvr09200626,
quatoc39,hotpoint toc kit blue,1,, B,,,quatoc39,
15927,toilet cistern lever,1,, B,,,15927,
blk0110,wellco bulk junction box,1,, B,,,blk0110,
hpt1703200,thermostat toc kit,1,, B,,,hpt1703200,
,pipe 1.1/4,1,, B,,,,
,suction grip,2,, B,,,,
quatoc42,thermostat kit-hotpoint,1,, B,,,quatoc42,
no88zks315a,fuse 3.15amp 20mm,14,, B,,,no88zks315a,
no88zks5a,fuse 5amp 20mm,6,, B,,,no88zks5a,
no88zks1a,fuse 1amp 20mm,7,, B,,,no88zks1a,
hpt1703200,thermostat toc kit-whit,1,, B,,,hpt1703200,
no88zksa2a,fuse 2amp 20mm,8,, B,,,no88zksa2a,
no88zksa10a,fuse 10amp 20mm,5,, B,,,no88zksa10a,
dst1322641018,push button support,1,, B,,,dst1322641018,
11ca20,capacitor,1,, B,,,11ca20,
quafil181,filter dual pre motor,1,, B,,,quafil181,
quafil191,hepa post filter dysn,1,, B,,,quafil191,
quafil196,filter pad dyson,1,, B,,,quafil196,
dst1105711012,pressostat,1,, B,,,dst1105711012,
hpt9058,adaptor 2 way,1,, B,,,hpt9058,
plm014,adaptor tap to inlet,1,, B,,,plm014,
hpt1602473,door hinge assembly,1,, B,,,hpt1602473,
12-hp-11,carbon brushes 9mm,1,, B,,,12-hp-11,
41-un-06s,microwave bulb,4,, B,,,41-un-06s,
bek4410101001,bi metal thermal cutout,1,, B,,,bek4410101001,
dst50252883009,door handle,1,, B,,,dst50252883009,
thm9368,oven thermometer,1,, B,,,thm9368,
bsh172272,hose  clamp,2,, B,,,bsh172272,
hpt1604034,valve double hotpoint,1,, B,,,hpt1604034,
64941,tubing,2,, B,,,64941,
502023400,freezer ambient probe,1,, B,,,502023400,
502023500,hygena thermistor probe,1,, B,,,502023500,
quadbt89,door gasket bosch,1,, B,,,quadbt89,
quadbt111,door gasket ariston,1,, B,,,quadbt111,
,element grill,1,, B,,,,
ele4001,fan oven element,1,, B,,,ele4001,
dst1240159036,gasket tub,1,, B,,,dst1240159036,
62-wp-07,door lock whirlpool,1,, B,,,62-wp-07,
51-wp-07,drain pump base,1,, B,,,51-wp-07,
89226,isolating valve,1,, B,,,89226,
wel3504,lamp 40w clear,3,, B,,,wel3504,
ele3921,lamp 25w clear,2,, B,,,ele3921,
merc00092155,clamp seal door,1,, B,,,merc00092155,
cfc7511,cable 1.5mm 15a,1,, B,,,cfc7511,
14-hy-236,hygena fan oven element,1,, B,,,14-hy-236,
14-wp-07,g2 series fan element,1,, B,,,14-wp-07,
hptc00058776,washer,4,, B,,,hptc00058776,
wpl481953228227,washer,1,, B,,,wpl481953228227,
blk0146,bulk ceiling pend,1,, B,,,blk0146,
cfc7523,wellco 1.5mm 3 core,1,, B,,,cfc7523,
fus014y,wellco 5a bs1361,1,, B,,,fus014y,
ccllb,low loss coaxial 7,1,, B,,,ccllb,
hptc00252589,carbon brushes,1,, B,,,hptc00252589,
dae3019974870,water filter clg,1,, B,,,dae3019974870,
wpl481281718629,water filter universal,1,, B,,,wpl481281718629,
18561,manrose square flap vent 100m,1,, B,,,18561,
59530,manrose square flap vent 160m,1,, B,,,59530,
wel0184,wellco economy pattr,1,, B,,,wel0184,
blk0196,wellco bulk blanking,1,, B,,,blk0196,
ele1000,hob ring element,1,, B,,,ele1000,
ele045,spider hotplate element,1,, B,,,ele045,
ext0010,1 gang white trailing,4,, B,,,ext0010,
ele046,spider hotplate element,1,, B,,,ele046,
val894,valve inlet solenoid,1,, B,,,val894,
val768,valve inlet solenoid,1,, B,,,val768,
val3636,valve inlet solenoid,1,, B,,,val3636,
merc00033041,gasket band clamp door,1,, B,,,merc00033041,
cbn2227,carbon brush motor,2,, B,,,cbn2227,
cbl4000,mains power cable 2 core,1,, B,,,cbl4000,
wpl480181700314,wpro terra bianca natura,3,, B,,,wpl480181700314,
blt209,belt drum polyvee,1,, B,,,blt209,
lyv4501bp,lyvia 400w c class,1,, B,,,lyv4501bp,
plm036,plumbing in kit,1,, B,,,plm036,
lyv4201bp,lyvia 160c class,1,, B,,,lyv4201bp,
dst3110756024,spider hotplate element,1,, B,,,dst3110756024,
lyv3406,lyvia 3406 slimline 1g,2,, B,,,lyv3406,
twin switched socket,wel1037,1,, B,,,twin switched socket,
hoover heating element t/d,40004318,1,, B,,,hoover heating element t/d,
Cable 1.25mm 13a 3 core,cfc7416,1,, B,,,Cable 1.25mm 13a 3 core,
wellco 1.5mm 3 core white,cfc7523,1,, B,,,wellco 1.5mm 3 core white,
wellco standard switch,wel5289,1,, B,,,wellco standard switch,
collo hob black 20ml,quacs28,1,, B,,,collo hob black 20ml,
door interlock,dor292,1,, B,,,door interlock,
compression blanking nut,plm9029,2,, B,,,compression blanking nut,
wellco standard socket,wel1037,1,, B,,,wellco standard socket,
top spray arm fixing nut,hptc00144315,4,, B,,,top spray arm fixing nut,
capacitor 7uf,cap244,1,, B,,,capacitor 7uf,
capacitor 3uf,cap90113,1,, B,,,capacitor 3uf,
capacitor 4uf,cap480,1,, B,,,capacitor 4uf,
carbon brush kit,dst5026481007,1,, B,,,carbon brush kit,
collo hob black 20ml,quacs28,1,, B,,,collo hob black 20ml,
damper assy,hvr41017168,2,, B,,,damper assy,
lamp 25w ses e14 clear,wel4813,7,, B,,,lamp 25w ses e14 clear,
oven/microwave lamp 25w,2419,8,, B,,,oven/microwave lamp 25w,
oven/microwave lamp 40w,2420,4,, B,,,oven/microwave lamp 40w,
plateswitch 6a 3 gang,7580,8,, B,,,plateswitch 6a 3 gang,
13a white plug,80333,7,, B,,,13a white plug,
wall socket 1 gang 13a,80421,8,, B,,,wall socket 1 gang 13a,
bulk trailing 13amp socket,ts01,1,, B,,,bulk trailing 13amp socket,
lyvia 3406 slimline,lyv3406,3,, B,,,lyvia 3406 slimline,
carbon brush,cbn9175,1,, B,,,carbon brush,
elasticated drive belt 18,hptc00095658,2,, B,,,elasticated drive belt 18,
carbon brushset laminate,hptc00197976,2,, B,,,carbon brushset laminate,
carbon brush + holder,quacar52,1,, B,,,carbon brush + holder,
carbon brush + holder,quacar65,1,, B,,,carbon brush + holder,
carbon brush + holder 4.6,quacar69,2,, B,,,carbon brush + holder 4.6,
carbon brush + holder,quacar75,1,, B,,,carbon brush + holder,
carbon brush + holder,quacar91,2,, B,,,carbon brush + holder,
danfoss nozzle,0.6580eh,1,, B,,,danfoss nozzle,
danfoss nozzle,0.3580s,1,, B,,,danfoss nozzle,
danfoss nozzle,0.5060es,1,, B,,,danfoss nozzle,
danfoss nozzle,0.4060es,1,, B,,,danfoss nozzle,
round burner gasket,d-gsk,1,, B,,,round burner gasket,
hoses,brdmix,1,, B,,,hoses,
square gasket,e-gsk,2,, B,,,square gasket,
d/w upper basket,whl9267,5,, B,,,d/w upper basket,
jegs 40w ses cookerhood,jegjd2235,2,, B,,,jegs 40w ses cookerhood,
door catch hotpoint,quadt101,1,, B,,,door catch hotpoint,
lyvia 24hr/7day mini tim,lyv4725,1,, B,,,lyvia 24hr/7day mini tim,
carbon brush kit ,dst50265479001,2,, B,,,carbon brush kit ,
carbon brush & holder,cbn9191,1,, B,,,carbon brush & holder,
radiant boiling plate,ele9147,1,, B,,,radiant boiling plate,
immersion heater stat,bak18,1,, B,,,immersion heater stat,
grill element,fvlp038435,2,, B,,,grill element,
ultraslim replacement tu,etrn643box,1,, B,,,ultraslim replacement tu,
motor fix kit digit,hptc00202905,1,, B,,,motor fix kit digit,
carbon brush bosch,hptc00252589,1,, B,,,carbon brush bosch,
heater 1havoa469001 1050w,hvr40004318,1,, B,,,heater 1havoa469001 1050w,
element ariston ind,quahtr71,1,, B,,,element ariston ind,
washing machine cleaner,60342n,2,, B,,,washing machine cleaner,
dishwasher cleaner,60344,3,, B,,,dishwasher cleaner,
energy regulators simmer,ele4116,1,, B,,,energy regulators simmer,
grill microswitch,stv082578200,1,, B,,,grill microswitch,
element heating flow,ele3563,1,, B,,,element heating flow,
door lock,dst1240349017,1,, B,,,door lock,
13a 1gang white trailing,ext0010,6,, B,,,13a 1gang white trailing,
13 amp 1 gang,jegppj013a,5,, B,,,13 amp 1 gang,
one gang to 4 gang surge,extsp40,1,, B,,,one gang to 4 gang surge,
silver button,mdac00255472,1,, B,,,silver button,
danfoss nozzle,06580eh,1,, B,,,danfoss nozzle,
danfoss nozzle,05580eh,1,, B,,,danfoss nozzle,
danfoss nozzle,04080eh,1,, B,,,danfoss nozzle,
danfoss nozzle,08580eh,1,, B,,,danfoss nozzle,
square gasket,egsk,1,, B,,,square gasket,
drum paddle indesit,hptc00065463,3,, B,,,drum paddle indesit,
energy regulator belling,82590800,1,, B,,,energy regulator belling,
drum paddle hotpoint/indesit,80295,2,, B,,,drum paddle hotpoint/indesit,
element heater t/d,hvr40004314,1,, B,,,element heater t/d,
gasket t/stat,dst1240152031,1,, B,,,gasket t/stat,
probe thermostat,dst1249280023,1,, B,,,probe thermostat,
switch rocker with neon,quasw95,2,, B,,,switch rocker with neon,
element grill,merc00192999,1,, B,,,element grill,
element grill fan oven,ele3798,2,, B,,,element grill fan oven,
oven thermometer,quacs136,3,, B,,,oven thermometer,
spring tank,bsh606818,2,, B,,,spring tank,
suspension legs bosch,quaslg20,2,, B,,,suspension legs bosch,
cooker hood lamp 40w,2413,2,, B,,,cooker hood lamp 40w,
inlet hose blue,4203,4,, B,,,inlet hose blue,
inlet hose red,4265,3,, B,,,inlet hose red,
vac bags numatic,num604015,1,, B,,,vac bags numatic,
exhaust filter,4071366837,1,, B,,,exhaust filter,
motor,skusyn,1,, B,,,motor,
ele993,hotplate hob ring element,1,, B,,,ele993,
ele992,hotplate hob ring element,1,, B,,,ele992,
48058,halolite low voltage 20-60a,2,, B,,,48058,
ele3563,element heating floe,1,, B,,,ele3563,
cro421309251871,door interlock relay boar,1,, B,,,cro421309251871,
dst1240167427,door seal gasket,1,, B,,,dst1240167427,
bsh154740,carbon brushes,1,, B,,,bsh154740,
ele4117,energy regulator,1,, B,,,ele4117,
merc00196539,carbon brush & holder,1,, B,,,merc00196539,
cbn9191,carbon brush & holder,1,, B,,,cbn9191,
merc00273898,carbon brush single,2,, B,,,merc00273898,
cbn9049,main motor brushes,1,, B,,,cbn9049,
cbn9041,carbon brusht/f,1,, B,,,cbn9041,
dst50266971003,lower front dishwash,2,, B,,,dst50266971003,
cbn5125,carbon brush motor,1,, B,,,cbn5125,
bsh611323,sensor,1,, B,,,bsh611323,
bsh611317,contact,1,, B,,,bsh611317,
cbl5134,cable 3 core 0.75 black,1,, B,,,cbl5134,
ele9045,fan oven element 2000w,1,, B,,,ele9045,
ele3989,fan oven element 2500w,1,, B,,,ele3989,
ele4001,fan oven element 2500w t,1,, B,,,ele4001,
ele4532,fan oven element 2450w,1,, B,,,ele4532,
ele9331,fan oven element 2000w,1,, B,,,ele9331,
cbl5133,cable 2 core 0.75 black,1,, B,,,cbl5133,
ele3460,fan oven element 2500w c,1,, B,,,ele3460,
ele4369,element fan oven 3 turn,1,, B,,,ele4369,
0.7580eh,danfoss nozzle,3,, B,,,0.7580eh,
0.480eh,danfoss nozzle,2,, B,,,0.480eh,
0.5060es,danfoss nozzle,2,, B,,,0.5060es,
0.6060es,danfoss nozzle,2,, B,,,0.6060es,
0.6580eh,danfoss nozzle,3,, B,,,0.6580eh,
brd01,braided hose,1,, B,,,brd01,
brd04,braided hose,1,, B,,,brd04,
brd05,braided hose,1,, B,,,brd05,
0.5580eh,danfoss nozzle,1,, B,,,0.5580eh,
0.6080eh,danfoss nozzle,1,, B,,,0.6080eh,
0.5080s,danfoss nozzle,1,, B,,,0.5080s,
ele9337,ego fan oven element 230,1,, B,,,ele9337,
ele3989,element fan oven 2500w,2,, B,,,ele3989,
cap2066,capacitor 20ufldy tfuni,1,, B,,,cap2066,
cap1769,capacitor 10ufldy tfuni,1,, B,,,cap1769,
cap90112,capacitor 3.5ufldy tfuni,1,, B,,,cap90112,
cap242,capacitor 16ufldy tfuni,1,, B,,,cap242,
cap2065,capacitor 12.5ufldy tfuni,1,, B,,,cap2065,
cap985,capacitor 14ufldy tfuni,1,, B,,,cap985,
ele9327,fan oven element 2 turn,1,, B,,,ele9327,
ele4500,element fan oven 2300w,1,, B,,,ele4500,
cap480,capacitor 4ufldy tfuni,1,, B,,,cap480,
ele9366,element heater grill,1,, B,,,ele9366,
cap482,capacitor 5ufldy tfuni,1,, B,,,cap482,
caP3685,capacitor 18ufldy tfuni,1,, B,,,caP3685,
bsh171598,sealing,1,, B,,,bsh171598,
quafil184,filter dual washable,1,, B,,,quafil184,
plm970,tap straight hot red,2,, B,,,plm970,
plm1038,tap angled end of line,2,, B,,,plm1038,
dma145e,wellco premium push on,1,, B,,,dma145e,
plm1968,tap tee hot red & cold,2,, B,,,plm1968,
ele9369,fan oven circular heater,1,, B,,,ele9369,
val768,valve inlet solenoid,1,, B,,,val768,
ele9342,ego fan oven element 250,1,, B,,,ele9342,
ele9333,fan oven element 3 turn,1,, B,,,ele9333,
val951,valve inlet solenoid dou,1,, B,,,val951,
cap1676,capacitor 25uf ldy tf un,1,, B,,,cap1676,
dst50269971003,basket wheel kit lower,1,, B,,,dst50269971003,
quaele101,element fan oven stoves,1,, B,,,quaele101,
quaele2033ego,element fan oven homark,1,, B,,,quaele2033ego,
quaele2040,element fan oven candy,1,, B,,,quaele2040,
quapasspartu,vacuum separator,1,, B,,,quapasspartu,
merc00203636,spider & bearing seal kit,1,, B,,,merc00203636,
quamw24,ceramic fuse 20mm 6.3,19,, B,,,quamw24,
quamw35,ceramic fuse 10a 6.3x32mm,2,, B,,,quamw35,
quamw26,ceramic fuse 10a 5x20mm,18,, B,,,quamw26,
cbn9192,carbon brush fhp motor,1,, B,,,cbn9192,
wele402wcs,wellco 4 gang 2m ext lea,4,, B,,,wele402wcs,
whl9284,dishwasher lower basket,4,, B,,,whl9284,
bel082634941,thermostat main oven,1,, B,,,bel082634941,
be210920002,microswitch,1,, B,,,be210920002,
drm9306,drum paddle lifter,1,, B,,,drm9306,
drm9265,drum paddle lifter,1,, B,,,drm9265,
srtv082532601,spark electrode,1,, B,,,srtv082532601,
del084036,short electrode & cable,1,, B,,,del084036,
quaint104,bitron door interlock,1,, B,,,quaint104,
dst3792030425,door lock,2,, B,,,dst3792030425,
n088af019l,fuse 6.3 amp 32mm,3,, B,,,n088af019l,
plm723,hose connector 17mm,1,, B,,,plm723,
plm674,adaptor y,1,, B,,,plm674,
blt7699,drive belt,1,, B,,,blt7699,
hse685,hose drain 2.5,1,, B,,,hse685,
plm604,hose connector 17mm,2,, B,,,plm604,
hse697,drain hose extension 2.5,1,, B,,,hse697,
del084036,electrode 800mm,3,, B,,,del084036,
hse9227,drain hose 1.5,1,, B,,,hse9227,
cbn9381,carbon brush,1,, B,,,cbn9381,
cbn9175,carbon brush set,1,, B,,,cbn9175,
pmp991,drain pump with housing,1,, B,,,pmp991,
dst1240348506,door interlock,1,, B,,,dst1240348506,
jegppj048t,contract 45 amp ceiling,1,, B,,,jegppj048t,
quapmp250,pump bpsch,1,, B,,,quapmp250,
quapol26,belt 1194j5,1,, B,,,quapol26,
quapol75,belt 1220j5,1,, B,,,quapol75,
quapol80,belt 1230j5,1,, B,,,quapol80,
quapol82,belt 1245j5,1,, B,,,quapol82,
cap246,capacitor 7.5,1,, B,,,cap246,
etrg9ww136,2w g9 retrofit led,2,, B,,,etrg9ww136,
80662,250lm warm light,1,, B,,,80662,
80971,200lm warm light,2,, B,,,80971,
hptc00142628,drum rear bearing teardro,2,, B,,,hptc00142628,
quadrm06,drum paddle hotpoint,4,, B,,,quadrm06,
nzlkit7,32mm extension kit,1,, B,,,nzlkit7,
hse630,32mm hose black,1,, B,,,hse630,
merc00113038,shaft kit td,3,, B,,,merc00113038,
bekbe264100004,fan motor ,1,, B,,,bekbe264100004,
hptc00144315,top spray arm fixing  nut,9,, B,,,hptc00144315,
quacs136,oven thermometer,6,, B,,,quacs136,
quacs139,meat thermometer oven,3,, B,,,quacs139,
wpl481281719419,carbon brush,2,, B,,,wpl481281719419,
dst1326630009,drain pump askoll m113,1,, B,,,dst1326630009,
dor9329,door lock hotpoint,1,, B,,,dor9329,
fvlp095199,fan switch ckr5408,1,, B,,,fvlp095199,
bek116100007,fan blade,1,, B,,,bek116100007,
ps3402,dryer heater element,1,, B,,,ps3402,
in34100,dryer heater element,1,, B,,,in34100,
hm1403,fan oven heater element,2,, B,,,hm1403,
r1456,ignition wick,1,, B,,,r1456,
r1453,wick of7,1,, B,,,r1453,
a2528,wick set oil burners,2,, B,,,a2528,
r3731,wick oil burner,2,, B,,,r3731,
80701,gls led 12w,2,, B,,,80701,
81284,gls led 10w,5,, B,,,81284,
bek300180094,fan oven element 2000w,1,, B,,,bek300180094,
ele9327,fan oven element 2 turn,1,, B,,,ele9327,
ele9342,ego fan oven element 250,1,, B,,,ele9342,
wel3340,lamp 15w ses,3,, B,,,wel3340,
wel4813,lamp 25w ses,4,, B,,,wel4813,
ele4115,energy regulator,1,, B,,,ele4115,
ele9180,energy regulator simmer,2,, B,,,ele9180,
06580h,danfoss nozzle,2,, B,,,06580h,
dst50226819006,wheel support zanussi,4,, B,,,dst50226819006,
dst50269970005,basket wheel upper pack,1,, B,,,dst50269970005,
dst50269971003,basket wheel kit lower,1,, B,,,dst50269971003,
fvlp095199,rotary switch ego,6,, B,,,fvlp095199,
quafwh20,fill hose 2.5 red,3,, B,,,quafwh20,
qyafwh21,fill hose 2.5 blue,2,, B,,,qyafwh21,
0.6580eh,danfoss nozzle,2,, B,,,0.6580eh,
0.4080eh,danfoss nozzle,2,, B,,,0.4080eh,
e-gsk,square gasket,2,, B,,,e-gsk,
ele9349,ego fan oven element,1,, B,,,ele9349,
bek1881050200,rope door hinge,4,, B,,,bek1881050200,
d-gsk,round burner gasket,3,, B,,,d-gsk,
f-gsk,square burner gasket,2,, B,,,f-gsk,
e-gsk,square gasket,3,, B,,,e-gsk,
b-gsk,hard fibre burner gasket,2,, B,,,b-gsk,
kidd01,alarm digi,1,, B,,,kidd01,
rayro1,glowcoil,1,, B,,,rayro1,
r1402,rayburn nouvelle 368 glocoil,1,, B,,,r1402,
7dcoc,kidde lifesaver alarm,1,, B,,,7dcoc,
ele997,hotplate hob ring element,2,, B,,,ele997,
ele993,hotplate hob ring element,2,, B,,,ele993,
flt2178,universal grease paper,2,, B,,,flt2178,
cbn9034,carbon brush servis,2,, B,,,cbn9034,
ele045,spider hotplate element,1,, B,,,ele045,
ele992,hotplate hob ring element,4,, B,,,ele992,
ele046,spider hotplate element,1,, B,,,ele046,
ele9147,radiant boiling plate,3,, B,,,ele9147,
fvlae4m260155,fan oven element,1,, B,,,fvlae4m260155,
hptc001499168,element oven 2500,1,, B,,,hptc001499168,
quacar99,carbon brushes + holder,1,, B,,,quacar99,
quafwh19,fill hose cold 1.5m,1,, B,,,quafwh19,
quahtr99,wash heater & sensor,1,, B,,,quahtr99,
quaint54,door lock indesit dw,1,, B,,,quaint54,
89226,15mm isolating valve,1,, B,,,89226,
dn80h,danfoss nozzle 0.65,2,, B,,,dn80h,
dn80h,danfoss nozzle 0.85,1,, B,,,dn80h,
brd01,braided flexi oil line,3,, B,,,brd01,
bfpcoil,danfoss bfp coil set,1,, B,,,bfpcoil,
dn80eh,danfoss nozzle 0.75,3,, B,,,dn80eh,
f-gsk,soft fibre burner gasket,2,, B,,,f-gsk,
b-gsk,hard fibre burner gasket,2,, B,,,b-gsk,
d-gsk,doughnut burner seal,2,, B,,,d-gsk,
e-gsk,square burner gasket,1,, B,,,e-gsk,
nip1,1/4 x 1/4 connecting nipple,2,, B,,,nip1,
nip2,3/8 x 3/8 connecting nipple,2,, B,,,nip2,
nip3,nipple3/8 x 1/4,2,, B,,,nip3,
nip4,1/4 x 1/4 fxc connecting nipple,3,, B,,,nip4,
nip5,1/8 x1/8 connecting nipple,2,, B,,,nip5,
bu3814,3/8 x1/4 bush brass,3,, B,,,bu3814,
bu1238,1/2 x 3/8 bush brass,3,, B,,,bu1238,
bu112,1 x 1/2 bush brass,2,, B,,,bu112,
fit2,10mmx1/4 compression fitting,1,, B,,,fit2,
fit5,10 x 1/4 elbow compression,1,, B,,,fit5,
fit1,10mm x 3/8 compression,1,, B,,,fit1,
fit4,10mmx3/8 elbow compression,1,, B,,,fit4,
fit12,10mm compression straight,1,, B,,,fit12,
fit13,10mm compression elbow,1,, B,,,fit13,
fit15,10mm x 3/8 f1 straight,1,, B,,,fit15,
fit0,10mm x1/4 f1 straight,1,, B,,,fit0,
14w,1/4 nipple washer,18,, B,,,14w,
flas3,10mm x 3/8 st flared fitting,1,, B,,,flas3,
flar4,10x 1/4 st flared fitting,1,, B,,,flar4,
olive-10,10mm olives,1,, B,,,olive-10,
olive-15,15mm olive,1,, B,,,olive-15,
olive-22,22mm olive,1,, B,,,olive-22,
cse-22,22mm compression stop end,1,, B,,,cse-22,
cse-15,15mm compression stop end,1,, B,,,cse-15,
cse-10,10mm compression stop end,1,, B,,,cse-10,
sr-amid,3 port acutator,1,, B,,,sr-amid,
0.7560'es,danfoss nozzle,1,, B,,,0.7560'es,
0.8560'es,danfoss nozzle,1,, B,,,0.8560'es,
0.6080'eh,danfoss nozzle,1,, B,,,0.6080'eh,
0.5080'eh,danfoss nozzle,1,, B,,,0.5080'eh,
0.4580's,danfoss nozzle,1,, B,,,0.4580's,
0.5080'es,danfoss nozzle,1,, B,,,0.5080'es,
0.5580'h,danfoss nozzle,1,, B,,,0.5580'h,
mz40,satronic photocell short 40mm,1,, B,,,mz40,
bsh00630628,door latch,1,, B,,,bsh00630628,
bekbe2867700100,button housing beko,1,, B,,,bekbe2867700100,
bsh154740,carbon brushes bosch,2,, B,,,bsh154740,
bsh611312,sensor,1,, B,,,bsh611312,
quacs146,twin energy regulator,2,, B,,,quacs146,
quapmp236,pump drain hotpoint,1,, B,,,quapmp236,
quapmp239,pump aeg,1,, B,,,quapmp239,
rb7025,severin robotic vac,1,, B,,,rb7025,
700003-ww,8w e27 50w warm white,5,, B,,,700003-ww,
3600016-rgb-uk,colour changing 5w,1,, B,,,3600016-rgb-uk,
700008-ww-eu,3w e14 r39,2,, B,,,700008-ww-eu,
200052-ww-eu,4w gu10 led,4,, B,,,200052-ww-eu,
ele9327,fan oven element 2 turn,3,, B,,,ele9327,
wpl482000011533,bracket pulley,2,, B,,,wpl482000011533,
wpl481953228227,ring triangular drum,9,, B,,,wpl481953228227,
wpl481952888108,pulley wheel,1,, B,,,wpl481952888108,
wpl481935818142,belt drive,1,, B,,,wpl481935818142,
be14105,fan oven heater element,2,, B,,,be14105,
wpl484000000955,wpro terra bianca,2,, B,,,wpl484000000955,
0.4560'es,danfoss nozzle,2,, B,,,0.4560'es,
sr-2port,2 port actuator,1,, B,,,sr-2port,
0.5580'eh,danfoss nozzle,1,, B,,,0.5580'eh,
0.6080'es,danfoss nozzle,2,, B,,,0.6080'es,
0.5580'es,danfoss nozzle,1,, B,,,0.5580'es,
0.6580'es,danfoss nozzle,1,, B,,,0.6580'es,
0.5080'es,danfoss nozzle,1,, B,,,0.5080'es,
0.5060'h,danfoss nozzle,1,, B,,,0.5060'h,
0.6060'h,danfoss nozzle,1,, B,,,0.6060'h,
0.4060'h,danfoss nozzle,1,, B,,,0.4060'h,
y30,19mm rope seal 1800mm,1,, B,,,y30,
ys15,25mm rope seal 1400mm,1,, B,,,ys15,
y15,twisted glass yarn 6mm,1,, B,,,y15,
y23,braided glass yarn 12mm,1,, B,,,y23,
y21,braided glass yarn 10mm,1,, B,,,y21,
bek263100004,oven switch,3,, B,,,bek263100004,
bek210110017,oven door hinge,3,, B,,,bek210110017,
can97916670,carbon brush + holder,3,, B,,,can97916670,
brg9305,bearing drum rear,5,, B,,,brg9305,
merc00095551,drive pin,1,, B,,,merc00095551,
stv082632420,spring hinge,2,, B,,,stv082632420,
ele9327,fan oven element 2 turn,2,, B,,,ele9327,
bek2840940200,pump & filter assembly,1,, B,,,bek2840940200,
stv082632327,brake rope door hinge,4,, B,,,stv082632327,
0.8580'es,danfoss nozzle,2,, B,,,0.8580'es,
0.4580'es,danfoss nozzle,2,, B,,,0.4580'es,
0.7580'h,danfoss nozzle,2,, B,,,0.7580'h,
0.6080'h,danfoss nozzle,1,, B,,,0.6080'h,
0.4560'es,danfoss nozzle,4,, B,,,0.4560'es,
0.5560'es,danfoss nozzle,2,, B,,,0.5560'es,
0.6560'es,danfoss nozzle,1,, B,,,0.6560'es,
0.3580's,danfoss nozzle,1,, B,,,0.3580's,
0.3560'h,danfoss nozzle,2,, B,,,0.3560'h,
0.5580'eh,danfoss nozzle,2,, B,,,0.5580'eh,
0.6580'eh,danfoss nozzle,2,, B,,,0.6580'eh,
0.8580'eh,danfoss nozzle,2,, B,,,0.8580'eh,
0.4080'h,danfoss nozzle,2,, B,,,0.4080'h,
q32205,rinse jet,8,, B,,,q32205,
blt2200,belt neopropene round t/t,1,, B,,,blt2200,
ele4017,element top oven dual,1,, B,,,ele4017,
wpl481281719419,carbon brush,3,, B,,,wpl481281719419,
bsh629580,door interlock,1,, B,,,bsh629580,
mdi673001600021,locking nut,3,, B,,,mdi673001600021,
bsh611312,sensor,1,, B,,,bsh611312,
whl9288,compatible upper basket,1,, B,,,whl9288,
whl9290,compatible upper basket,2,, B,,,whl9290,
panaxw5027sro,pulley,3,, B,,,panaxw5027sro,
a1236,sight,5,, B,,,a1236,
a2204,aga ry sight  glass gskt,5,, B,,,a2204,
cons02,cerwick-r,1,, B,,,cons02,
cera wick set,d10146,4,, B,,,cera wick set,
fireangel10yr,fire01,2,, B,,,fireangel10yr,
rope fxg adhesive,reg-y25,3,, B,,,rope fxg adhesive,
ry rope seal 2mtr no4,r5627,2,, B,,,ry rope seal 2mtr no4,
hse685,hose drain,4,, B,,,hse685,
pmp991,drain pump + housing,1,, B,,,pmp991,
ext0010,13a gang trailing,10,, B,,,ext0010,
,various bulbs,1,, B,,,,
blt072,belt drum polyvee,1,, B,,,blt072,
lr130,servisol label remover,1,, B,,,lr130,
ele992,hotplate hob ring element,1,, B,,,ele992,
bek263100016,oven thermometer,1,, B,,,bek263100016,
bsh611473,bearing ,1,, B,,,bsh611473,
bsh611472,clips bearing,1,, B,,,bsh611472,
bsh6114745,lower d/w basket,2,, B,,,bsh6114745,
fvln003169,screw n1752,5,, B,,,fvln003169,
grj503169,drum paddle lifter,2,, B,,,grj503169,
fvln003253,m5 x 12 pan hd pozi t/t,5,, B,,,fvln003253,
fvl9303350100,top grill element,1,, B,,,fvl9303350100,
fvln003479,m5 x 12 socket button,5,, B,,,fvln003479,
fvlae4m260155,fan oven element,2,, B,,,fvlae4m260155,
quaele101,element fan oven stoves,3,, B,,,quaele101,
quaele2110ego,element fan oven ego,5,, B,,,quaele2110ego,
wpl481236248004,carbon brushes in holoder,4,, B,,,wpl481236248004,
b6504,3uf capacitor,2,, B,,,b6504,
cm1,capacitor-mic w/o,1,, B,,,cm1,
0.4580's,danfoss nozzle,1,, B,,,0.4580's,
0.6080's,danfoss nozzle,1,, B,,,0.6080's,
mzlead,satronic mz photocell lead,1,, B,,,mzlead,
mz80,satronic mz770s photocell long 80mm,1,, B,,,mz80,
mz40,satronic photocell mz770s short 40mm,1,, B,,,mz40,
tf832,satronic tf832 control box,1,, B,,,tf832,
0.6060's,danfoss nozzle,2,, B,,,0.6060's,
0.6560's,danfoss nozzle,1,, B,,,0.6560's,
0.7560's,danfoss nozzle,1,, B,,,0.7560's,
0.8560's,danfoss nozzle,1,, B,,,0.8560's,
0.5060's,danfoss nozzle,1,, B,,,0.5060's,
5core,heat resistant white cable 1 mtr,10,, B,,,5core,
80647,golf led,1,, B,,,80647,
q910265,relay finder 2 pole,3,, B,,,q910265,
s8099,g4 led warm white,3,, B,,,s8099,
quacar73,carbon brush + holder,3,, B,,,quacar73,
bsh611820,non return valve,2,, B,,,bsh611820,
95355,robus electronic transformer,2,, B,,,95355,
32319,osram led star fridge lamp 100l,2,, B,,,32319,
91002,13a 2 gang switched plug socket,2,, B,,,91002,
29220,flexi waste straight coupling 30-38,3,, B,,,29220,
81383,flexi waste straight coupling 38-45,3,, B,,,81383,
89445,dual safety thermometer,2,, B,,,89445,
32319,osram led fridge lamp,2,, B,,,32319,
91002,bg 13a 2g dp outboard rocker,2,, B,,,91002,
29220,straight coupling 30-38mm,3,, B,,,29220,
81383,straight coupling 38-45mm,3,, B,,,81383,
89445,"dual safety thermostat 18""",2,, B,,,89445,
95355,robus 20-60w transformer,2,, B,,,95355,
cbn9191,carbon brush + holder,3,, B,,,cbn9191,
cap244,capacitor 7uf,3,, B,,,cap244,
bsh171598,sealing seal dw,2,, B,,,bsh171598,
cbn9175,carbon brush set t/f bek,3,, B,,,cbn9175,
cbn9210,carbon brush motor hoover,3,, B,,,cbn9210,
ele9312,element nut + bolt set,1,, B,,,ele9312,
700002-ww,6w e14 r50 led bulb warm white,8,, B,,,700002-ww,
600017-ww,3w g4 led disc 40 w halogen,1,, B,,,600017-ww,
5000062,24w led driver adaptor,1,, B,,,5000062,
bsh611320,valve non return,2,, B,,,bsh611320,
nummcnvm1ch,hepaflo filter dust bags,5,, B,,,nummcnvm1ch,
hse5149,hose drain extendable,1,, B,,,hse5149,
hse5148,hose drain extendable,1,, B,,,hse5148,
bsh644221,door handle,2,, B,,,bsh644221,
merc00054869,drain hose 90 deg end,1,, B,,,merc00054869,
ele4123,energy regulator simmer,1,, B,,,ele4123,
50081,fan oven element beko,2,, B,,,50081,
5019,grill element brandt,2,, B,,,5019,
8949,door gasket bosch,1,, B,,,8949,
s8100,led 2w warm white bulbs,6,, B,,,s8100,
quaele2084,element fan oven 26515w,2,, B,,,quaele2084,
wpl482000011533,bracket pulley,5,, B,,,wpl482000011533,
wpl481953228227,ring triangular drum,3,, B,,,wpl481953228227,
etrc411ses,eterna led candle lamp,5,, B,,,etrc411ses,
wpl481935818142,belt drive,1,, B,,,wpl481935818142,
wele402wcs,wellco 4 gang 2m ext lea,3,, B,,,wele402wcs,
unvcnd05e143k,5w led candle lamp,2,, B,,,unvcnd05e143k,
oven/grill element 2350w,ele9318,1,, B,,,oven/grill element 2350w,
,40mm sink wa,1,, B,,,,
,40mm uni com,1,, B,,,,
can41020376,fan oven heater element,3,, B,,,can41020376,
wpl482000011533,bracket pulley,3,, B,,,wpl482000011533,
blt207,multi rib belt,1,, B,,,blt207,
n088zkt63a,fuse 6.3 amp 20mm,30,, B,,,n088zkt63a,
q307334,rocker switch impulse black,1,, B,,,q307334,
q307523,rocker switch impulse yellow,1,, B,,,q307523,
q902314,cutlery inset square,3,, B,,,q902314,
q307371,rocker push button ignition,1,, B,,,q307371,
q307374,rocker push button ,5,, B,,,q307374,
q307338,rocker switch impulse white,3,, B,,,q307338,
grj441935,connect hose,1,, B,,,grj441935,
frg1785,motor fan unit,1,, B,,,frg1785,
mtg481201230179,holder detergent,1,, B,,,mtg481201230179,
ele4115,energy regulator simmer,1,, B,,,ele4115,
whl9290,compatible upper basket,3,, B,,,whl9290,
blk0134,wellco bulk batten lamp,1,, B,,,blk0134,
whl9288,compatible lower dishwash,3,, B,,,whl9288,
ele9180,energy regulator simmer,1,, B,,,ele9180,
lyv3469,lyvia 3469 slimline 13a,2,, B,,,lyv3469,
ele9180,energy regulator simmer,1,, B,,,ele9180,
ele4116,energy regulator simmer,1,, B,,,ele4116,
ele4109,energy regulator simmer,2,, B,,,ele4109,
ele4117,energy regulator simmer,2,, B,,,ele4117,
8716113594,pump head,1,, B,,,8716113594,
c26p0227,ranco stat,1,, B,,,c26p0227,
0.3580's,danfoss nozzle,1,, B,,,0.3580's,
1010c,10mm copper pipe coil,1,, B,,,1010c,
flar3,10mm x 38 st flared,3,, B,,,flar3,
flar4,10 x 1/4st flared,3,, B,,,flar4,
flar5,10mm straight,1,, B,,,flar5,
flar6,10mm x 3/8 elbow,3,, B,,,flar6,
flar2,10mm x 1/4 elbow,3,, B,,,flar2,
flar1,10mm flared elbow,1,, B,,,flar1,
co/1sa-uk,twin pack co & smoke,6,, B,,,co/1sa-uk,
200052-ww-eu,4w gu10 led bulbs,4,, B,,,200052-ww-eu,
700003-ww,8w e27 r63 reflector,2,, B,,,700003-ww,
dor3446,door interlock switch,2,, B,,,dor3446,
wel0160,wellco standard lightswitch,1,, B,,,wel0160,
ele4545,element fan oven 2500w,1,, B,,,ele4545,
bek300180094,fan oven element 2000w,1,, B,,,bek300180094,
ele4503,element fan oven fmt24,2,, B,,,ele4503,
blt218,belt drive t/f vax,1,, B,,,blt218,
blt219,drive belt vax turbo,1,, B,,,blt219,
bek262510005,fan oven element 1600w,1,, B,,,bek262510005,
dor9329,door lock hotpoint,3,, B,,,dor9329,
bek462300009,fan oven element 1600w,1,, B,,,bek462300009,
nzl3376,32mm floor tool,1,, B,,,nzl3376,
bek462300009,fan oven element 1600w,1,, B,,,bek462300009,
8716142423,oil isolation valve,2,, B,,,8716142423,
wick-r,cooker wick ,1,, B,,,wick-r,
s541510,limit thermostat,1,, B,,,s541510,
r2501-u,thermostat control boiler,1,, B,,,r2501-u,
r2500-u,oven stat,1,, B,,,r2500-u,
mdac00142628,drum rear teardrop bearing,3,, B,,,mdac00142628,
rnga94693,fan oven heater element,1,, B,,,rnga94693,
mdac00095655,drum shaft kit,2,, B,,,mdac00095655,
bek1881050200,door hinge spring,1,, B,,,bek1881050200,
bek1881030100,rope door hinge,3,, B,,,bek1881030100,
a2432,fuel inlet elb,1,, B,,,a2432,
dst1326630009,drain pump askoll 25w,1,, B,,,dst1326630009,
blt2200,belt neopropene round t/t,2,, B,,,blt2200,
ele4116,energy regulator simmer,2,, B,,,ele4116,
3798,boiling plate 180mm,1,, B,,,3798,
5288,boiling plate 145mm,1,, B,,,5288,
80021,pump askoll electrolux,2,, B,,,80021,
stv082590800,energy regulator mpv01,2,, B,,,stv082590800,
v4043h1056,22mm 2 port zone valve,1,, B,,,v4043h1056,
hpa2,danfoss hpa2 b2 port actuator,1,, B,,,hpa2,
1.1080'eh,danfoss nozzle,2,, B,,,1.1080'eh,
bfp11l3b,danfoss bfp11l3 service pump,1,, B,,,bfp11l3b,
mz40,satronic photocell mz770s short 40mm,1,, B,,,mz40,
mz80,satronic photocell mz770s long 80mm,1,, B,,,mz80,
b3701,single electrode,2,, B,,,b3701,
b5601,monoblock electrode,1,, B,,,b5601,
bek263100019,thermostat 7729486354,1,, B,,,bek263100019,
wpl481281719419,carbon brush,2,, B,,,wpl481281719419,
cbn9041,carbon brush t/f whirlpool,3,, B,,,cbn9041,
dst50265481007,carbon + holder,2,, B,,,dst50265481007,
4119,oven/microwave lamp,20,, B,,,4119,
bek371202407,carbon brush,3,, B,,,bek371202407,
rngp095199,fan oven selector switch,2,, B,,,rngp095199,
can41020376,fan oven heater element,2,, B,,,can41020376,
un12102,carbon brush sole type r side,2,, B,,,un12102,
850845,control knob output,1,, B,,,850845,
850846,input control knob,1,, B,,,850846,
851051,thermal fuselink red,1,, B,,,851051,
851054,thermal fuselink yellow,1,, B,,,851054,
lyv3635,lyveco led gls,3,, B,,,lyv3635,
lyv3638,lyveco led candle es,3,, B,,,lyv3638,
merc00113038,shaft kit t/d,5,, B,,,merc00113038,
50080,switch cooker,2,, B,,,50080,
80198,fan oven element hotpoint,2,, B,,,80198,
80700,fan oven element beko,2,, B,,,80700,
bek4410101001,bi metal cutout beko,5,, B,,,bek4410101001,
q910388,rocker switch latching yellow,2,, B,,,q910388,
q910382,rocker switch latching clear,2,, B,,,q910382,
q385330,rocker switch latching red 30x22m,2,, B,,,q385330,
q910384,rocker switch latching red 2 pole,2,, B,,,q910384,
q910391,rocker switch latching green,2,, B,,,q910391,
q307337,rocker switch latching green 230v,2,, B,,,q307337,
q307361,rocker switch latching red 30x22m led,2,, B,,,q307361,
q910380,rocker switch latching green,2,, B,,,q910380,
q910379,rocker switch latching 2 pole 230v,2,, B,,,q910379,
q910377,rocker switch latching red 19x13m 230v,2,, B,,,q910377,
q308437,rocker switch latching ,2,, B,,,q308437,
rayr01,oven stat boiler model,1,, B,,,rayr01,
rngp095199,fan oven selector switch,1,, B,,,rngp095199,
mdac00113038,drum shaft kit,3,, B,,,mdac00113038,
mdac00305794,riveted shaft repair kit,1,, B,,,mdac00305794,
hptc00197976,carbon brush set laminate,3,, B,,,hptc00197976,
hptc00305794,tumble dryer drum shaft,3,, B,,,hptc00305794,
quaele2010ego,element fan oven 2000w ar,1,, B,,,quaele2010ego,
quaele2124,dual grill element,1,, B,,,quaele2124,
5502,fan oven element belling,2,, B,,,5502,
6518,oven element belling,2,, B,,,6518,
ss5301,dimplex cut out,2,, B,,,ss5301,
xl9708,dimplex charge limiter,1,, B,,,xl9708,
9509015,dimplex field repair kit,1,, B,,,9509015,
6566,fan oven element zanussi,3,, B,,,6566,
9988,carbon brushes aeg fhp rl,3,, B,,,9988,
9989,carbon brushes aeg fhp lr,3,, B,,,9989,
bsh15474,carbon brushes bosch,3,, B,,,bsh15474,
bsh660868,door seal gasket fastening,1,, B,,,bsh660868,
hptc00113038,drum shaft kit v4,2,, B,,,hptc00113038,
hptc00305794,tumble dryer drum shaft,2,, B,,,hptc00305794,
flt5097,filter hepa level,1,, B,,,flt5097,
blt100,belt drive upright,1,, B,,,blt100,
ele9030,element heater 2100w,1,, B,,,ele9030,
flt5096,filter s-class dyson,5,, B,,,flt5096,
ext0020L,2 gang trailing socket,3,, B,,,ext0020L,
lyv3637,lyveco led candle,5,, B,,,lyv3637,
m/r43615,morphy richards brushed,1,, B,,,m/r43615,
zan2011az,zanussi 1100w bagless up,1,, B,,,zan2011az,
0.4060'es,danfoss nozzle,2,, B,,,0.4060'es,
0.5060'es,danfoss nozzle,4,, B,,,0.5060'es,
0.6060'es,danfoss nozzle,2,, B,,,0.6060'es,
b-gsk,hard fibre burner gasket,2,, B,,,b-gsk,
d-gsk,round burner gasket,1,, B,,,d-gsk,
e-gsk,(65323875) gasket,1,, B,,,e-gsk,
o-gsk,seal gasket,1,, B,,,o-gsk,
0.5580'eh,danfoss nozzle,3,, B,,,0.5580'eh,
0.6080'eh,danfoss nozzle,3,, B,,,0.6080'eh,
st699b1002,programmer 24 hr,1,, B,,,st699b1002,
lux3871425124,fan oven heater element,3,, B,,,lux3871425124,
hp62103,door interlock switch,1,, B,,,hp62103,
el14106,fan oven heater element,4,, B,,,el14106,
6758,carbon brushes ceset,1,, B,,,6758,
9894,carbon brushes sole,1,, B,,,9894,
c00196539,carbon brushes ariston,1,, B,,,c00196539,
og339,fan oven element beko,1,, B,,,og339,
ser322030500,ice box handle servis,1,, B,,,ser322030500,
be14106,grill heater element,1,, B,,,be14106,
ebi-s,danfoss ebi-m tranformer,3,, B,,,ebi-s,
be7a,"parker solenoid valve 1/8""",4,, B,,,be7a,
kt09-lead,parker solenoid valve lead,4,, B,,,kt09-lead,
qrb1b,siemensqrb1b photocell,2,, B,,,qrb1b,
0.4080'sf,danfoss nozzle,2,, B,,,0.4080'sf,
r2625,nuway aga monoblock electrode,2,, B,,,r2625,
y15,twisted glass yarn 6mm,1,, B,,,y15,
y21,braided glass yarn 10mm,1,, B,,,y21,
y23,braided glass yarn 12mm,1,, B,,,y23,
r3798,gasket head/duct,6,, B,,,r3798,
0.6580's,danfoss nozzle,4,, B,,,0.6580's,
0.4080'sf,danfoss nozzle,4,, B,,,0.4080'sf,
0.5580's,danfoss nozzle,2,, B,,,0.5580's,
qrld-f,photocell mounting flange,2,, B,,,qrld-f,
lyv4301bp,lyvia 230w  class linea,1,, B,,,lyv4301bp,
grj503169,drum paddle lifter,5,, B,,,grj503169,
bel082590800,energy regulator single,2,, B,,,bel082590800,
bsh660868,door seal gasket fastening,2,, B,,,bsh660868,
hptc00197976,carbon brush set laminate,3,, B,,,hptc00197976,
mfi651066393,evaporator handle catch,3,, B,,,mfi651066393,
quaint51,door interlock hotpoint,2,, B,,,quaint51,
merc00199665,oven fan element ckr 240,3,, B,,,merc00199665,
lyv3411,lyvia 3469 slimline 20a,1,, B,,,lyv3411,
grj503169,drum paddle lifter,2,, B,,,grj503169,
cfc76802m,cable 6.0m twin & ear,3,, B,,,cfc76802m,
lyv3469,lyvia 3469 slimline 13a,1,, B,,,lyv3469,
,cable ties,1,, B,,,,
,flex,1,, B,,,,