Part Number,	Item Name, 	Quantity, 	Location Room, 		Location Row,	Location Column, Location Shelf ,Barcode, 	Item Description,Stock Date,Unit Price,VAT Amount,Sale Price (Inc VAT),Total value (inc VAT),Supplier Id
,"w/m valve3/4"" tee",1,,,,,"w/m valve3/4"" tee",,24 November 2009,5.20,1.04,6.24,6.24,3
49002387,spider,1,,,,,49002387,,24 November 2009,30.65,4.60,35.25,35.25,4
41008852,door gasket,1,,,,,41008852,,24 November 2009,12.69,1.90,14.59,14.59,4
ppw356,ball valve kit,1,,,,,ppw356,,24 November 2009,0.76,0.13,0.89,0.89,5
ppw345,ball valve washer pin kit,1,,,,,ppw345,,24 November 2009,0.47,0.08,0.55,0.55,6
3518,bottom oven element,1,,,,,3518,,4 January 2010,6.09,1.07,7.16,7.16,7
hasj60,halolite dimmable transformer ,2,,,,,hasj60,,4 January 2010,2.40,0.42,2.82,5.64,100
cfc7323,flex cable,1,,,,,cfc7323,,7 June 2009,10.34,1.55,11.89,11.89,8
merc00113862,drum bearing rear t/d,1,,,,,merc00113862,,19 July 2009,3.26,0.49,3.75,3.75,100
dst3792260725,valve,1,,,,,dst3792260725,,19 July 2009,12.14,1.82,13.96,13.96,9
hvr91213918,valve,1,,,,,hvr91213918,,4 August 2009,29.83,4.47,34.3,34.3,10
1520512052,basket runner,2,,,,,1520512052,,4 August 2009,6.54,0.98,7.52,15.04,11
wel8150,wellco gls lamp 60w,5,,,,,wel8150,,16 October 2009,3.12,0.47,3.59,17.95,100
hpt1602390,interlock indesit,1,,,,,hpt1602390,,25 October 2009,4.19,0.63,4.82,4.82,4
sel4821,oil seal 30x52x10,1,,,,,sel4821,,5 May 2009,0.55,0.08,0.63,0.63,100
brg6204zzskf,beams ball race 62042,1,,,,,brg6204zzskf,,5 May 2009,4.74,0.71,5.45,5.45,100
hpt1601660,spring restraint rear,1,,,,,hpt1601660,,9 November 2009,1.42,0.21,1.63,1.63,100
hpt1601661,front restraint spring,1,,,,,hpt1601661,,17 November 2009,1.75,0.26,2.01,2.01,100
hpt1703666,drive belt 1860 9phe tum,1,,,,,hpt1703666,,23 November 2009,4.84,0.73,5.57,5.57,100
blt9198,belt drum polyvee 1894h7,1,,,,,blt9198,,29 November 2009,2.71,0.41,3.12,3.12,100
whl9126,basket wheel upper,4,,,,,whl9126,,15 December 2009,2.35,0.35,2.7,10.8,100
blt9105,drive belt el1860h7,1,,,,,blt9105,,15 December 2009,2.96,0.44,3.4,3.4,100
whl9268,basket wheel upper earl,4,,,,,whl9268,,15 December 2009,1.09,0.16,1.25,5,100
hpt1603910,carbon brush set fhp,1,,,,,hpt1603910,,12 January 2010,10.67,1.87,12.54,12.54,100
plm723,hose connector 17mmx21mm,1,,,,,plm723,,19 January 2010,0.55,0.10,0.65,0.65,100
plm90182,adaptor drain hose end,6,,,,,plm90182,,19 January 2010,0.98,0.17,1.15,6.9,100
hvr41018403,drain pump complete,1,,,,,hvr41018403,,19 January 2010,15.92,2.79,18.71,18.71,100
plm604,hose connector 17mmx17mm,1,,,,,plm604,,19 January 2010,0.44,0.08,0.52,0.52,100
val894,valve inlet solenoid sin,1,,,,,val894,,24 January 2010,1.86,0.33,2.19,2.19,100
val951,valve inlet solenoid dou,1,,,,,val951,,24 January 2010,3.89,0.68,4.57,4.57,100
hvr41026150,pressure switch 62L,1,,,,,hvr41026150,,27 January 2010,5.87,1.03,6.9,6.9,100
hvr66655729,hose switch pressure ldy,1,,,,,hvr66655729,,1 March 2010,3.28,0.57,3.85,3.85,100
cre1701583,thermostat cut out kit,2,,,,,cre1701583,,9 March 2010,8.13,1.42,9.55,19.1,100
mtr 807,motor spin mount rubber,3,,,,,mtr 807,,14 March 2010,2.56,0.45,3.01,9.03,100
dyn0292503,clutch assembly upr,1,,,,,dyn0292503,,29 March 2010,11.45,2.00,13.45,13.45,100
dyn0251401,clutch to motor drive,1,,,,,dyn0251401,,29 March 2010,2.24,0.39,2.63,2.63,100
ele5231,cutlery basket,1,,,,,ele5231,,5 April 2010,3.40,0.60,4.00,4,100
cbn2222,carbon brush motor,1,,,,,cbn2222,,25 April 2010,3.40,0.60,4.00,4,100
blt207,multi rib belt 1280j6el,1,,,,,blt207,,22 June 2010,2.91,0.51,3.42,3.42,100
crs421309208081,motor cw pulley/capacitor,1,,,,,crs421309208081,,12 August 2010,74.76,13.08,87.84,87.84,100
hpt1701575,thermostat front sir,1,,,,,hpt1701575,,9 March 2010,6.99,1.22,8.21,8.21,100
hvr91941075,round heating element,1,,,,,hvr91941075,,25 June 2010,15.99,2.80,18.79,18.79,100
num230155,carbon brush hvr200-22,1,,,,,num230155,,20 August 2010,7.68,1.34,9.02,9.02,100
num220702,carbon brush cyl hvr 200,1,,,,,num220702,,20 August 2010,5.44,0.95,6.39,6.39,100
quatoc40,thermostat kit green spot,1,,,,,quatoc40,,1 November 2010,2.49,0.44,2.93,2.93,100
hvr97916670,carbon brush & holder,1,,,,,hvr97916670,,23 November 2009,5.35,0.94,6.29,6.29,100
dst506008303006,thermosat main oven,1,,,,,dst506008303006,,20 January 2011,16.46,3.29,19.75,19.75,100
plm604,hose end connector,1,,,,,plm604,,,1.77,0.35,2.12,2.12,12
merc00110333,valve solenoid cold w113,1,,,,,merc00110333,,20 January 2011,11.09,2.22,13.31,13.31,100
cre1701583,thermomstat cut out kit,1,,,,,cre1701583,,4 November 2010,7.80,1.56,9.36,9.36,13
lacfl36w,36w energy spiral,1,,,,,lacfl36w,,9 February 2011,3.50,0.70,4.20,4.2,100
merc00262243,thermostat kit ,1,,,,,merc00262243,,15 February 2011,11.91,2.38,14.29,14.29,100
hpt170311,thermostat heater cuto,1,,,,,hpt170311,,15 February 2011,8.94,1.79,10.73,10.73,100
05sk05,skf6205zz shielded bearing,1,,,,,05sk05,,7 March 2011,2.44,0.49,2.93,2.93,100
54zn15,seal30x52x10/12,1,,,,,54zn15,,7 March 2011,0.58,0.12,0.7,0.7,100
05un 03,shielded bearing 20x47x14,1,,,,,05un 03,,7 March 2011,0.64,0.13,0.77,0.77,100
54zn15,seal for spider,1,,,,,54zn15,,7 March 2011,0.83,0.17,1,1,100
12sv01,round carbon brushes,2,,,,,12sv01,,31 March 2011,8.98,1.80,10.78,21.56,14
05hp30,hotpoint 1400 drum kit,1,,,,,05hp30,,31 March 2011,6.69,1.34,8.03,8.03,15
05hp06,hotpoint 7 drum kit,1,,,,,05hp06,,31 March 2011,8.99,1.80,10.79,10.79,16
12in10,ceset carbon brushes,1,,,,,12in10,,31 March 2011,7.99,1.60,9.59,9.59,17
quagsk25,washer cork tripod,1,,,,,quagsk25,,1 April 2011,0.16,0.03,0.19,0.19,100
quagsk23,gyrator washer hotpoint,1,,,,,quagsk23,,1 April 2011,0.23,0.05,0.28,0.28,100
quasl66,carbon seal face,1,,,,,quasl66,,1 April 2011,2.54,0.51,3.05,3.05,100
quacar91,carbon brush fhp ,1,,,,,quacar91,,1 April 2011,6.74,1.35,8.09,8.09,100
dst1240180065,pump drain w/m,1,,,,,dst1240180065,,1 April 2011,5.09,1.02,6.11,6.11,100
hvr91201693,pressure switch ,1,,,,,hvr91201693,,3 May 2011,11.15,2.23,13.38,13.38,18
12-ar-06,seini carbon brush x2,1,,,,,12-ar-06,,17 May 2011,5.29,1.06,6.35,6.35,19
12-ar-06,seini carbon brush x2,1,,,,,12-ar-06,,18 May 2011,14.57,2.91,17.48,17.48,19
quacar13,carbon brushes ea1,1,,,,,quacar13,,6 June 2011,1.26,0.25,1.51,1.51,18
7537,3/4bsp fxf in-line strainer,2,,,,,7537,,23 June 2011,4.92,0.98,5.9,11.8,20
7140,speedfit 22m pipe support,2,,,,,7140,,23 June 2011,0.25,0.05,0.3,0.6,20
7139,speedfit 15m pipe support,5,,,,,7139,,23 June 2011,0.21,0.04,0.25,1.25,20
wel4031,wellco premium lightswitch,1,,,,,wel4031,,9 August 2011,4.04,0.81,4.85,4.85,6
dor3446,door interlock switch,1,,,,,dor3446,,10 August 2011,1.85,0.37,2.22,2.22,6
swt9097,switch on/off,1,,,,,swt9097,,10 August 2011,2.15,0.43,2.58,2.58,6
dst50265479001,carbon & holder,1,,,,,dst50265479001,,12 August 2011,6.42,1.28,7.7,7.7,6
dst1240348506,door interlock 3 tag,1,,,,,dst1240348506,,22 August 2011,7.99,1.60,9.59,9.59,6
dys950163,door hinge bracket,1,,,,,dys950163,,25 August 2011,2.90,0.58,3.48,3.48,18
hvr97922819,askoll drain pump,1,,,,,hvr97922819,,21 September 2011,7.49,1.50,8.99,8.99,18
q904299,pvc hose4x6,2,,,,,q904299,,28 October 2011,4.23,0.85,5.08,10.16,21
q325648,pvc hose4x6 blue,1,,,,,q325648,,28 October 2011,15.81,3.16,18.97,18.97,21
hpt1603030,hugetop bottom w/m,1,,,,,hpt1603030,,26 September 2011,11.99,2.40,14.39,14.39,22
hpt1701426,huge door ldy td,1,,,,,hpt1701426,,26 September 2011,14.99,3.00,17.99,17.99,22
hpt1703200,thermostat toc kit,1,,,,,hpt1703200,,7 November 2011,7.35,1.47,8.82,8.82,6
dst1249685007,bearing seal ldy,1,,,,,dst1249685007,,7 November 2011,5.32,1.06,6.38,6.38,6
blt10008,belt drive ldy,1,,,,,blt10008,,7 November 2011,6.12,1.22,7.34,7.34,6
hvr91201546,heating element,1,,,,,hvr91201546,,9 November 2011,8.75,1.75,10.5,10.5,18
blk0546nc,flourescent starter 125w,1,,,,,blk0546nc,,22 November 2011,0.30,0.06,0.36,0.36,6
hvr97916670,carbon brush,1,,,,,hvr97916670,,22 November 2011,4.61,0.92,5.53,5.53,6
cfc7323,cable 1.00mm 10a,1,,,,,cfc7323,,28 November 2011,19.53,3.91,23.44,23.44,6
hpt1604486,heating element,1,,,,,hpt1604486,,8 December 2011,8.99,1.80,10.79,10.79,6
bek1886790500,capacitor,1,,,,,bek1886790500,,8 December 2011,3.00,0.60,3.60,3.6,6
tls9024,glass hob ceramic knife,1,,,,,tls9024,,22 December 2011,1.05,0.21,1.26,1.26,6
hpt0851054,fusible link thermal,1,,,,,hpt0851054,,22 December 2011,7.46,1.49,8.95,8.95,6
aw23,dispenser hose,1,,,,,aw23,,11 January 2012,2.86,0.57,3.43,3.43,23
hse3667,pressure switch hose 100,1,,,,,hse3667,,18 January 2012,2.84,0.57,3.41,3.41,6
hvr09200626,carbon brush + holder hvr,1,,,,,hvr09200626,,13 January 2011,15.22,3.04,18.26,18.26,6
quatoc39,hotpoint toc kit blue,1,,,,,quatoc39,,27 February 2012,5.75,1.15,6.9,6.9,18
15927,toilet cistern lever,1,,,,,15927,,6 March 2012,3.75,0.75,4.5,4.5,24
blk0110,wellco bulk junction box,1,,,,,blk0110,,14 March 2012,4.56,0.91,5.47,5.47,6
hpt1703200,thermostat toc kit,1,,,,,hpt1703200,,4 April 2012,7.35,1.47,8.82,8.82,6
,pipe 1.1/4,1,,,,,pipe 1.1/4,,5 April 2012,5.01,1.00,6.01,6.01,25
,suction grip,2,,,,,suction grip,,5 April 2012,4.60,0.92,5.52,11.04,26
quatoc42,thermostat kit-hotpoint,1,,,,,quatoc42,,4 May 2012,3.10,0.62,3.72,3.72,18
no88zks315a,fuse 3.15amp 20mm,14,,,,,no88zks315a,,23 May 2012,0.11,0.02,0.13,1.82,6
no88zks5a,fuse 5amp 20mm,6,,,,,no88zks5a,,23 May 2012,0.11,0.02,0.13,0.78,6
no88zks1a,fuse 1amp 20mm,7,,,,,no88zks1a,,23 May 2012,0.11,0.02,0.13,0.91,6
hpt1703200,thermostat toc kit-whit,1,,,,,hpt1703200,,23 May 2012,7.35,1.47,8.82,8.82,6
no88zksa2a,fuse 2amp 20mm,8,,,,,no88zksa2a,,23 May 2012,0.11,0.02,0.13,1.04,6
no88zksa10a,fuse 10amp 20mm,5,,,,,no88zksa10a,,23 May 2012,0.35,0.07,0.42,2.1,6
dst1322641018,push button support,1,,,,,dst1322641018,,7 June 2012,6.29,1.26,7.55,7.55,18
11ca20,capacitor,1,,,,,11ca20,,8 June 2012,1.51,0.30,1.81,1.81,19
quafil181,filter dual pre motor,1,,,,,quafil181,,15 June 2012,1.59,0.32,1.91,1.91,19
quafil191,hepa post filter dysn,1,,,,,quafil191,,15 June 2012,3.09,0.62,3.71,3.71,19
quafil196,filter pad dyson,1,,,,,quafil196,,15 June 2012,0.99,0.20,1.19,1.19,19
dst1105711012,pressostat,1,,,,,dst1105711012,,15 June 2012,17.62,3.52,21.14,21.14,18
hpt9058,adaptor 2 way,1,,,,,hpt9058,,21 June 2012,8.75,1.75,10.5,10.5,6
plm014,adaptor tap to inlet,1,,,,,plm014,,21 June 2012,2.14,0.43,2.57,2.57,6
hpt1602473,door hinge assembly,1,,,,,hpt1602473,,21 June 2012,3.31,0.66,3.97,3.97,6
12-hp-11,carbon brushes 9mm,1,,,,,12-hp-11,,11 July 2012,3.89,0.78,4.67,4.67,19
41-un-06s,microwave bulb,4,,,,,41-un-06s,,11 July 2012,0.48,0.10,0.58,2.32,19
bek4410101001,bi metal thermal cutout,1,,,,,bek4410101001,,16 July 2012,3.86,0.77,4.63,4.63,6
dst50252883009,door handle,1,,,,,dst50252883009,,16 July 2012,5.14,1.03,6.17,6.17,6
thm9368,oven thermometer,1,,,,,thm9368,,16 July 2012,2.86,0.57,3.43,3.43,6
bsh172272,hose  clamp,2,,,,,bsh172272,,16 July 2012,2.66,0.53,3.19,6.38,6
hpt1604034,valve double hotpoint,1,,,,,hpt1604034,,16 July 2012,7.60,1.52,9.12,9.12,6
64941,tubing,2,,,,,64941,,17 July 2012,0.84,0.17,1.01,2.02,27
502023400,freezer ambient probe,1,,,,,502023400,,13 August 2012,10.43,2.09,12.52,12.52,28
502023500,hygena thermistor probe,1,,,,,502023500,,13 August 2012,9.99,2.00,11.99,11.99,28
quadbt89,door gasket bosch,1,,,,,quadbt89,,5 September 2012,4.53,0.91,5.44,5.44,18
quadbt111,door gasket ariston,1,,,,,quadbt111,,5 September 2012,6.49,1.30,7.79,7.79,18
,element grill,1,,,,,element grill,,11 September 2012,31.69,6.34,38.03,38.03,29
ele4001,fan oven element,1,,,,,ele4001,,5 November 2012,3.50,0.70,4.20,4.2,6
dst1240159036,gasket tub,1,,,,,dst1240159036,,15 November 2012,2.09,0.42,2.51,2.51,18
62-wp-07,door lock whirlpool,1,,,,,62-wp-07,,16 November 2012,5.04,1.01,6.05,6.05,19
51-wp-07,drain pump base,1,,,,,51-wp-07,,16 November 2012,9.69,1.94,11.63,11.63,19
89226,isolating valve,1,,,,,89226,,19 November 2012,7.34,1.47,8.81,8.81,24
wel3504,lamp 40w clear,3,,,,,wel3504,,26 November 2012,0.60,0.12,0.72,2.16,6
ele3921,lamp 25w clear,2,,,,,ele3921,,26 November 2012,1.10,0.22,1.32,2.64,6
merc00092155,clamp seal door,1,,,,,merc00092155,,6 December 2012,3.65,0.73,4.38,4.38,6
cfc7511,cable 1.5mm 15a,1,,,,,cfc7511,,6 December 2012,39.64,7.93,47.57,47.57,6
14-hy-236,hygena fan oven element,1,,,,,14-hy-236,,10 December 2012,2.99,0.60,3.59,3.59,19
14-wp-07,g2 series fan element,1,,,,,14-wp-07,,10 December 2012,2.79,0.56,3.35,3.35,19
hptc00058776,washer,4,,,,,hptc00058776,,10 December 2012,0.62,0.12,0.74,2.96,18
wpl481953228227,washer,1,,,,,wpl481953228227,,10 December 2012,2.96,0.59,3.55,3.55,18
blk0146,bulk ceiling pend,1,,,,,blk0146,,19 December 2012,7.86,1.57,9.43,9.43,6
cfc7523,wellco 1.5mm 3 core,1,,,,,cfc7523,,19 December 2012,26.76,5.35,32.11,32.11,6
fus014y,wellco 5a bs1361,1,,,,,fus014y,,7 January 2013,5.50,1.10,6.60,6.6,6
ccllb,low loss coaxial 7,1,,,,,ccllb,,7 January 2013,13.49,2.70,16.19,16.19,6
hptc00252589,carbon brushes,1,,,,,hptc00252589,,19 February 2013,5.69,1.14,6.83,6.83,6
dae3019974870,water filter clg,1,,,,,dae3019974870,,21 February 2013,16.99,3.40,20.39,20.39,6
wpl481281718629,water filter universal,1,,,,,wpl481281718629,,21 February 2013,18.25,3.65,21.9,21.9,6
18561,manrose square flap vent 100m,1,,,,,18561,,24 April 2013,1.83,0.37,2.2,2.2,30
59530,manrose square flap vent 160m,1,,,,,59530,,24 April 2013,2.66,0.53,3.19,3.19,30
wel0184,wellco economy pattr,1,,,,,wel0184,,23 May 2013,3.63,0.73,4.36,4.36,6
blk0196,wellco bulk blanking,1,,,,,blk0196,,23 May 2013,3.40,0.68,4.08,4.08,6
ele1000,hob ring element,1,,,,,ele1000,,3 June 2013,3.49,0.70,4.19,4.19,6
ele045,spider hotplate element,1,,,,,ele045,,3 June 2013,1.08,0.22,1.3,1.3,6
ext0010,1 gang white trailing,4,,,,,ext0010,,3 June 2013,0.81,0.16,0.97,3.88,6
ele046,spider hotplate element,1,,,,,ele046,,3 June 2013,1.96,0.39,2.35,2.35,6
val894,valve inlet solenoid,1,,,,,val894,,5 June 2013,1.39,0.28,1.67,1.67,6
val768,valve inlet solenoid,1,,,,,val768,,5 June 2013,2.03,0.41,2.44,2.44,6
val3636,valve inlet solenoid,1,,,,,val3636,,5 June 2013,2.36,0.47,2.83,2.83,6
merc00033041,gasket band clamp door,1,,,,,merc00033041,,5 June 2013,3.65,0.73,4.38,4.38,6
cbn2227,carbon brush motor,2,,,,,cbn2227,,20 June 2013,2.34,0.47,2.81,5.62,6
cbl4000,mains power cable 2 core,1,,,,,cbl4000,,8 July 2013,3.82,0.76,4.58,4.58,6
wpl480181700314,wpro terra bianca natura,3,,,,,wpl480181700314,,8 July 2013,4.01,0.80,4.81,14.43,6
blt209,belt drum polyvee,1,,,,,blt209,,15 July 2013,3.13,0.63,3.76,3.76,6
lyv4501bp,lyvia 400w c class,1,,,,,lyv4501bp,,15 July 2013,0.85,0.17,1.02,1.02,6
plm036,plumbing in kit,1,,,,,plm036,,15 July 2013,4.99,1.00,5.99,5.99,6
lyv4201bp,lyvia 160c class,1,,,,,lyv4201bp,,15 July 2013,0.85,0.17,1.02,1.02,6
dst3110756024,spider hotplate element,1,,,,,dst3110756024,,6 August 2013,2.73,0.55,3.28,3.28,6
lyv3406,lyvia 3406 slimline 1g,2,,,,,lyv3406,,6 August 2013,1.12,0.22,1.34,2.68,6
twin switched socket,wel1037,1,,,,,twin switched socket,,11 August 2013,9.38,1.88,11.26,11.26,6
hoover heating element t/d,40004318,1,,,,,hoover heating element t/d,,11 August 2013,26.49,5.30,31.79,31.79,18
Cable 1.25mm 13a 3 core,cfc7416,1,,,,,Cable 1.25mm 13a 3 core,,15 August 2013,26.91,5.38,32.29,32.29,6
wellco 1.5mm 3 core white,cfc7523,1,,,,,wellco 1.5mm 3 core white,,15 August 2013,26.76,5.35,32.11,32.11,6
wellco standard switch,wel5289,1,,,,,wellco standard switch,,2 September 2013,11.30,2.26,13.56,13.56,6
collo hob black 20ml,quacs28,1,,,,,collo hob black 20ml,,2 September 2013,5.73,1.15,6.88,6.88,18
door interlock,dor292,1,,,,,door interlock,,9 September 2013,2.45,0.49,2.94,2.94,6
compression blanking nut,plm9029,2,,,,,compression blanking nut,,9 September 2013,0.75,0.15,0.9,1.8,6
wellco standard socket,wel1037,1,,,,,wellco standard socket,,16 September 2013,9.38,1.88,11.26,11.26,6
top spray arm fixing nut,hptc00144315,4,,,,,top spray arm fixing nut,,3 October 2013,1.53,0.31,1.84,7.36,18
capacitor 7uf,cap244,1,,,,,capacitor 7uf,,7 October 2013,1.09,0.22,1.31,1.31,6
capacitor 3uf,cap90113,1,,,,,capacitor 3uf,,7 October 2013,0.88,0.18,1.06,1.06,6
capacitor 4uf,cap480,1,,,,,capacitor 4uf,,7 October 2013,0.99,0.20,1.19,1.19,6
carbon brush kit,dst5026481007,1,,,,,carbon brush kit,,4 November 2013,6.85,1.37,8.22,8.22,18
collo hob black 20ml,quacs28,1,,,,,collo hob black 20ml,,4 November 2013,4.58,0.92,5.5,5.5,18
damper assy,hvr41017168,2,,,,,damper assy,,26 November 2013,4.76,0.95,5.71,11.42,6
lamp 25w ses e14 clear,wel4813,7,,,,,lamp 25w ses e14 clear,,12 December 2013,0.60,0.12,0.72,5.04,6
oven/microwave lamp 25w,2419,8,,,,,oven/microwave lamp 25w,,13 December 2013,0.65,0.13,0.78,6.24,31
oven/microwave lamp 40w,2420,4,,,,,oven/microwave lamp 40w,,13 December 2013,0.59,0.12,0.71,2.84,31
plateswitch 6a 3 gang,7580,8,,,,,plateswitch 6a 3 gang,,13 December 2013,0.20,0.04,0.24,1.92,31
13a white plug,80333,7,,,,,13a white plug,,13 December 2013,0.46,0.09,0.55,3.85,31
wall socket 1 gang 13a,80421,8,,,,,wall socket 1 gang 13a,,13 December 2013,1.00,0.20,1.20,9.6,31
bulk trailing 13amp socket,ts01,1,,,,,bulk trailing 13amp socket,,23 December 2013,12.84,2.57,15.41,15.41,6
lyvia 3406 slimline,lyv3406,3,,,,,lyvia 3406 slimline,,23 December 2013,1.12,0.22,1.34,4.02,6
carbon brush,cbn9175,1,,,,,carbon brush,,9 January 2014,4.75,0.95,5.7,5.7,6
elasticated drive belt 18,hptc00095658,2,,,,,elasticated drive belt 18,,9 January 2014,2.65,0.53,3.18,6.36,18
carbon brushset laminate,hptc00197976,2,,,,,carbon brushset laminate,,9 January 2014,3.49,0.70,4.19,8.38,18
carbon brush + holder,quacar52,1,,,,,carbon brush + holder,,9 January 2014,3.43,0.69,4.12,4.12,18
carbon brush + holder,quacar65,1,,,,,carbon brush + holder,,9 January 2014,4.50,0.90,5.40,5.4,18
carbon brush + holder 4.6,quacar69,2,,,,,carbon brush + holder 4.6,,9 January 2014,4.99,1.00,5.99,11.98,18
carbon brush + holder,quacar75,1,,,,,carbon brush + holder,,9 January 2014,2.99,0.60,3.59,3.59,18
carbon brush + holder,quacar91,2,,,,,carbon brush + holder,,9 January 2014,3.50,0.70,4.20,8.4,18
danfoss nozzle,0.6580eh,1,,,,,danfoss nozzle,,20 January 2014,3.50,0.70,4.20,4.2,32
danfoss nozzle,0.3580s,1,,,,,danfoss nozzle,,20 January 2014,4.00,0.80,4.80,4.8,32
danfoss nozzle,0.5060es,1,,,,,danfoss nozzle,,20 January 2014,3.50,0.70,4.20,4.2,32
danfoss nozzle,0.4060es,1,,,,,danfoss nozzle,,20 January 2014,4.00,0.80,4.80,4.8,32
round burner gasket,d-gsk,1,,,,,round burner gasket,,20 January 2014,2.80,0.56,3.36,3.36,32
hoses,brdmix,1,,,,,hoses,,20 January 2014,14.25,2.85,17.1,17.1,32
square gasket,e-gsk,2,,,,,square gasket,,20 January 2014,3.80,0.76,4.56,9.12,32
d/w upper basket,whl9267,5,,,,,d/w upper basket,,22 January 2014,1.09,0.22,1.31,6.55,6
jegs 40w ses cookerhood,jegjd2235,2,,,,,jegs 40w ses cookerhood,,22 January 2014,0.59,0.12,0.71,1.42,18
door catch hotpoint,quadt101,1,,,,,door catch hotpoint,,22 January 2014,2.69,0.54,3.23,3.23,18
lyvia 24hr/7day mini tim,lyv4725,1,,,,,lyvia 24hr/7day mini tim,,3 February 2014,4.04,0.81,4.85,4.85,6
carbon brush kit ,dst50265479001,2,,,,,carbon brush kit ,,3 February 2014,6.47,1.29,7.76,15.52,18
carbon brush & holder,cbn9191,1,,,,,carbon brush & holder,,11 February 2014,5.40,1.08,6.48,6.48,6
radiant boiling plate,ele9147,1,,,,,radiant boiling plate,,13 February 2014,2.49,0.50,2.99,2.99,6
immersion heater stat,bak18,1,,,,,immersion heater stat,,18 February 2014,5.37,1.07,6.44,6.44,33
grill element,fvlp038435,2,,,,,grill element,,26 February 2014,5.84,1.17,7.01,14.02,6
ultraslim replacement tu,etrn643box,1,,,,,ultraslim replacement tu,,26 February 2014,19.47,3.89,23.36,23.36,6
motor fix kit digit,hptc00202905,1,,,,,motor fix kit digit,,26 February 2014,1.67,0.33,2,2,18
carbon brush bosch,hptc00252589,1,,,,,carbon brush bosch,,26 February 2014,2.25,0.45,2.7,2.7,18
heater 1havoa469001 1050w,hvr40004318,1,,,,,heater 1havoa469001 1050w,,26 February 2014,26.49,5.30,31.79,31.79,18
element ariston ind,quahtr71,1,,,,,element ariston ind,,26 February 2014,13.60,2.72,16.32,16.32,18
washing machine cleaner,60342n,2,,,,,washing machine cleaner,,10 March 2014,1.85,0.37,2.22,4.44,31
dishwasher cleaner,60344,3,,,,,dishwasher cleaner,,10 March 2014,1.85,0.37,2.22,6.66,31
energy regulators simmer,ele4116,1,,,,,energy regulators simmer,,10 March 2014,6.29,1.26,7.55,7.55,6
grill microswitch,stv082578200,1,,,,,grill microswitch,,13 March 2014,2.14,0.43,2.57,2.57,6
element heating flow,ele3563,1,,,,,element heating flow,,13 March 2014,15.99,3.20,19.19,19.19,6
door lock,dst1240349017,1,,,,,door lock,,13 March 2014,6.75,1.35,8.1,8.1,6
13a 1gang white trailing,ext0010,6,,,,,13a 1gang white trailing,,13 March 2014,0.81,0.16,0.97,5.82,6
13 amp 1 gang,jegppj013a,5,,,,,13 amp 1 gang,,19 March 2014,1.39,0.28,1.67,8.35,18
one gang to 4 gang surge,extsp40,1,,,,,one gang to 4 gang surge,,21 March 2014,1.88,0.38,2.26,2.26,6
silver button,mdac00255472,1,,,,,silver button,,21 March 2014,5.38,1.08,6.46,6.46,34
danfoss nozzle,06580eh,1,,,,,danfoss nozzle,,26 March 2014,3.50,0.70,4.20,4.2,32
danfoss nozzle,05580eh,1,,,,,danfoss nozzle,,26 March 2014,3.50,0.70,4.20,4.2,32
danfoss nozzle,04080eh,1,,,,,danfoss nozzle,,26 March 2014,4.00,0.80,4.80,4.8,32
danfoss nozzle,08580eh,1,,,,,danfoss nozzle,,26 March 2014,3.50,0.70,4.20,4.2,32
square gasket,egsk,1,,,,,square gasket,,26 March 2014,3.80,0.76,4.56,4.56,32
drum paddle indesit,hptc00065463,3,,,,,drum paddle indesit,,27 March 2014,2.74,0.55,3.29,9.87,18
energy regulator belling,82590800,1,,,,,energy regulator belling,,28 March 2014,9.40,1.88,11.28,11.28,31
drum paddle hotpoint/indesit,80295,2,,,,,drum paddle hotpoint/indesit,,28 March 2014,1.53,0.31,1.84,3.68,31
element heater t/d,hvr40004314,1,,,,,element heater t/d,,3 April 2014,15.30,3.06,18.36,18.36,6
gasket t/stat,dst1240152031,1,,,,,gasket t/stat,,3 April 2014,3.94,0.79,4.73,4.73,6
probe thermostat,dst1249280023,1,,,,,probe thermostat,,3 April 2014,13.82,2.76,16.58,16.58,6
switch rocker with neon,quasw95,2,,,,,switch rocker with neon,,24 April 2014,1.99,0.40,2.39,4.78,18
element grill,merc00192999,1,,,,,element grill,,8 May 2014,34.43,6.89,41.32,41.32,6
element grill fan oven,ele3798,2,,,,,element grill fan oven,,8 May 2014,1.89,0.38,2.27,4.54,6
oven thermometer,quacs136,3,,,,,oven thermometer,,8 May 2014,0.95,0.19,1.14,3.42,18
spring tank,bsh606818,2,,,,,spring tank,,8 May 2014,3.16,0.63,3.79,7.58,18
suspension legs bosch,quaslg20,2,,,,,suspension legs bosch,,8 May 2014,5.99,1.20,7.19,14.38,18
cooker hood lamp 40w,2413,2,,,,,cooker hood lamp 40w,,9 May 2014,0.99,0.20,1.19,2.38,31
inlet hose blue,4203,4,,,,,inlet hose blue,,9 May 2014,1.17,0.23,1.4,5.6,31
inlet hose red,4265,3,,,,,inlet hose red,,9 May 2014,1.17,0.23,1.4,4.2,31
vac bags numatic,num604015,1,,,,,vac bags numatic,,9 May 2014,2.99,0.60,3.59,3.59,31
exhaust filter,4071366837,1,,,,,exhaust filter,,14 May 2014,3.57,0.71,4.28,4.28,31
motor,skusyn,1,,,,,motor,,20 May 2014,13.00,2.60,15.60,15.6,32
ele993,hotplate hob ring element,1,,,,,ele993,,22 May 2014,1.35,0.27,1.62,1.62,6
ele992,hotplate hob ring element,1,,,,,ele992,,22 May 2014,1.64,0.33,1.97,1.97,6
48058,halolite low voltage 20-60a,2,,,,,48058,,23 May 2014,5.97,1.19,7.16,14.32,24
ele3563,element heating floe,1,,,,,ele3563,,27 May 2014,10.04,2.01,12.05,12.05,6
cro421309251871,door interlock relay boar,1,,,,,cro421309251871,,28 May 2014,6.31,1.26,7.57,7.57,18
dst1240167427,door seal gasket,1,,,,,dst1240167427,,3 June 2014,5.84,1.17,7.01,7.01,6
bsh154740,carbon brushes,1,,,,,bsh154740,,11 June 2014,13.40,2.68,16.08,16.08,34
ele4117,energy regulator,1,,,,,ele4117,,18 June 2014,4.99,1.00,5.99,5.99,6
merc00196539,carbon brush & holder,1,,,,,merc00196539,,4 July 2014,9.64,1.93,11.57,11.57,6
cbn9191,carbon brush & holder,1,,,,,cbn9191,,4 July 2014,4.50,0.90,5.40,5.4,6
merc00273898,carbon brush single,2,,,,,merc00273898,,4 July 2014,10.21,2.04,12.25,24.5,6
cbn9049,main motor brushes,1,,,,,cbn9049,,4 July 2014,4.95,0.99,5.94,5.94,6
cbn9041,carbon brusht/f,1,,,,,cbn9041,,4 July 2014,4.53,0.91,5.44,5.44,6
dst50266971003,lower front dishwash,2,,,,,dst50266971003,,4 July 2014,6.30,1.26,7.56,15.12,6
cbn5125,carbon brush motor,1,,,,,cbn5125,,4 July 2014,3.88,0.78,4.66,4.66,6
bsh611323,sensor,1,,,,,bsh611323,,5 July 2014,9.27,1.85,11.12,11.12,31
bsh611317,contact,1,,,,,bsh611317,,5 July 2014,9.27,1.85,11.12,11.12,31
cbl5134,cable 3 core 0.75 black,1,,,,,cbl5134,,15 July 2014,4.05,0.81,4.86,4.86,6
ele9045,fan oven element 2000w,1,,,,,ele9045,,15 July 2014,3.65,0.73,4.38,4.38,6
ele3989,fan oven element 2500w,1,,,,,ele3989,,15 July 2014,5.95,1.19,7.14,7.14,6
ele4001,fan oven element 2500w t,1,,,,,ele4001,,15 July 2014,2.25,0.45,2.7,2.7,6
ele4532,fan oven element 2450w,1,,,,,ele4532,,15 July 2014,2.09,0.42,2.51,2.51,6
ele9331,fan oven element 2000w,1,,,,,ele9331,,15 July 2014,3.45,0.69,4.14,4.14,6
cbl5133,cable 2 core 0.75 black,1,,,,,cbl5133,,15 July 2014,3.63,0.73,4.36,4.36,6
ele3460,fan oven element 2500w c,1,,,,,ele3460,,15 July 2014,4.13,0.83,4.96,4.96,6
ele4369,element fan oven 3 turn,1,,,,,ele4369,,15 July 2014,3.45,0.69,4.14,4.14,6
0.7580eh,danfoss nozzle,3,,,,,0.7580eh,,15 July 2014,3.70,0.74,4.44,13.32,32
0.480eh,danfoss nozzle,2,,,,,0.480eh,,15 July 2014,4.20,0.84,5.04,10.08,32
0.5060es,danfoss nozzle,2,,,,,0.5060es,,15 July 2014,3.70,0.74,4.44,8.88,32
0.6060es,danfoss nozzle,2,,,,,0.6060es,,15 July 2014,3.70,0.74,4.44,8.88,32
0.6580eh,danfoss nozzle,3,,,,,0.6580eh,,15 July 2014,3.70,0.74,4.44,13.32,32
brd01,braided hose,1,,,,,brd01,,15 July 2014,2.95,0.59,3.54,3.54,32
brd04,braided hose,1,,,,,brd04,,15 July 2014,2.95,0.59,3.54,3.54,32
brd05,braided hose,1,,,,,brd05,,15 July 2014,2.95,0.59,3.54,3.54,32
0.5580eh,danfoss nozzle,1,,,,,0.5580eh,,15 July 2014,3.70,0.74,4.44,4.44,32
0.6080eh,danfoss nozzle,1,,,,,0.6080eh,,15 July 2014,3.70,0.74,4.44,4.44,32
0.5080s,danfoss nozzle,1,,,,,0.5080s,,15 July 2014,3.70,0.74,4.44,4.44,32
ele9337,ego fan oven element 230,1,,,,,ele9337,,24 July 2014,5.25,1.05,6.3,6.3,6
ele3989,element fan oven 2500w,2,,,,,ele3989,,24 July 2014,5.95,1.19,7.14,14.28,6
cap2066,capacitor 20ufldy tfuni,1,,,,,cap2066,,24 July 2014,1.22,0.24,1.46,1.46,6
cap1769,capacitor 10ufldy tfuni,1,,,,,cap1769,,24 July 2014,0.84,0.17,1.01,1.01,6
cap90112,capacitor 3.5ufldy tfuni,1,,,,,cap90112,,24 July 2014,0.85,0.17,1.02,1.02,6
cap242,capacitor 16ufldy tfuni,1,,,,,cap242,,24 July 2014,0.98,0.20,1.18,1.18,6
cap2065,capacitor 12.5ufldy tfuni,1,,,,,cap2065,,24 July 2014,0.94,0.19,1.13,1.13,6
cap985,capacitor 14ufldy tfuni,1,,,,,cap985,,24 July 2014,0.98,0.20,1.18,1.18,6
ele9327,fan oven element 2 turn,1,,,,,ele9327,,24 July 2014,4.99,1.00,5.99,5.99,6
ele4500,element fan oven 2300w,1,,,,,ele4500,,24 July 2014,2.45,0.49,2.94,2.94,6
cap480,capacitor 4ufldy tfuni,1,,,,,cap480,,24 July 2014,0.62,0.12,0.74,0.74,6
ele9366,element heater grill,1,,,,,ele9366,,24 July 2014,14.99,3.00,17.99,17.99,6
cap482,capacitor 5ufldy tfuni,1,,,,,cap482,,24 July 2014,0.85,0.17,1.02,1.02,6
caP3685,capacitor 18ufldy tfuni,1,,,,,caP3685,,24 July 2014,1.30,0.26,1.56,1.56,6
bsh171598,sealing,1,,,,,bsh171598,,30 July 2014,2.40,0.48,2.88,2.88,18
quafil184,filter dual washable,1,,,,,quafil184,,30 July 2014,1.29,0.26,1.55,1.55,18
plm970,tap straight hot red,2,,,,,plm970,,6 August 2014,2.17,0.43,2.6,5.2,6
plm1038,tap angled end of line,2,,,,,plm1038,,6 August 2014,3.03,0.61,3.64,7.28,6
dma145e,wellco premium push on,1,,,,,dma145e,,6 August 2014,10.40,2.08,12.48,12.48,6
plm1968,tap tee hot red & cold,2,,,,,plm1968,,6 August 2014,3.98,0.80,4.78,9.56,6
ele9369,fan oven circular heater,1,,,,,ele9369,,6 August 2014,2.34,0.47,2.81,2.81,6
val768,valve inlet solenoid,1,,,,,val768,,6 August 2014,1.55,0.31,1.86,1.86,6
ele9342,ego fan oven element 250,1,,,,,ele9342,,6 August 2014,5.95,1.19,7.14,7.14,6
ele9333 ,fan oven element 3 turn,1,,,,,ele9333 ,,6 August 2014,3.99,0.80,4.79,4.79,6
val951,valve inlet solenoid dou,1,,,,,val951,,6 August 2014,2.55,0.51,3.06,3.06,6
cap1676,capacitor 25uf ldy tf un,1,,,,,cap1676,,6 August 2014,1.35,0.27,1.62,1.62,6
dst50269971003,basket wheel kit lower,1,,,,,dst50269971003,,6 August 2014,6.05,1.21,7.26,7.26,18
quaele101,element fan oven stoves,1,,,,,quaele101,,6 August 2014,4.94,0.99,5.93,5.93,18
quaele2033ego,element fan oven homark,1,,,,,quaele2033ego,,6 August 2014,4.94,0.99,5.93,5.93,18
quaele2040,element fan oven candy,1,,,,,quaele2040,,6 August 2014,2.89,0.58,3.47,3.47,18
quapasspartu,vacuum separator,1,,,,,quapasspartu,,6 August 2014,5.33,1.07,6.4,6.4,18
merc00203636,spider & bearing seal kit,1,,,,,merc00203636,,18 August 2014,8.31,1.66,9.97,9.97,6
quamw24,ceramic fuse 20mm 6.3,19,,,,,quamw24,,19 August 2014,0.24,0.05,0.29,5.51,18
quamw35,ceramic fuse 10a 6.3x32mm,2,,,,,quamw35,,19 August 2014,0.53,0.11,0.64,1.28,18
quamw26,ceramic fuse 10a 5x20mm,18,,,,,quamw26,,19 August 2014,0.24,0.05,0.29,5.22,18
cbn9192,carbon brush fhp motor,1,,,,,cbn9192,,21 August 2014,5.44,1.09,6.53,6.53,6
wele402wcs,wellco 4 gang 2m ext lea,4,,,,,wele402wcs,,21 August 2014,3.90,0.78,4.68,18.72,6
whl9284,dishwasher lower basket,4,,,,,whl9284,,4 September 2014,0.59,0.12,0.71,2.84,6
bel082634941,thermostat main oven,1,,,,,bel082634941,,9 September 2014,10.46,2.09,12.55,12.55,18
be210920002,microswitch,1,,,,,be210920002,,11 September 2014,4.50,0.90,5.40,5.4,6
drm9306,drum paddle lifter,1,,,,,drm9306,,11 September 2014,1.35,0.27,1.62,1.62,6
drm9265,drum paddle lifter,1,,,,,drm9265,,11 September 2014,1.40,0.28,1.68,1.68,6
srtv082532601,spark electrode,1,,,,,srtv082532601,,17 September 2014,2.29,0.46,2.75,2.75,6
del084036,short electrode & cable,1,,,,,del084036,,17 September 2014,4.70,0.94,5.64,5.64,6
quaint104,bitron door interlock,1,,,,,quaint104,,24 September 2014,5.20,1.04,6.24,6.24,18
dst3792030425,door lock,2,,,,,dst3792030425,,2 October 2014,6.45,1.29,7.74,15.48,6
n088af019l,fuse 6.3 amp 32mm,3,,,,,n088af019l,,6 October 2014,0.53,0.11,0.64,1.92,6
plm723,hose connector 17mm,1,,,,,plm723,,6 October 2014,0.28,0.06,0.34,0.34,6
plm674,adaptor y,1,,,,,plm674,,6 October 2014,0.70,0.14,0.84,0.84,6
blt7699,drive belt,1,,,,,blt7699,,6 October 2014,2.25,0.45,2.7,2.7,6
hse685,hose drain 2.5,1,,,,,hse685,,6 October 2014,1.05,0.21,1.26,1.26,6
plm604,hose connector 17mm,2,,,,,plm604,,6 October 2014,0.32,0.06,0.38,0.76,6
hse697,drain hose extension 2.5,1,,,,,hse697,,6 October 2014,2.39,0.48,2.87,2.87,6
del084036,electrode 800mm,3,,,,,del084036,,11 October 2014,4.00,0.80,4.80,14.4,34
hse9227,drain hose 1.5,1,,,,,hse9227,,13 October 2014,1.29,0.26,1.55,1.55,6
cbn9381,carbon brush,1,,,,,cbn9381,,13 October 2014,6.29,1.26,7.55,7.55,6
cbn9175,carbon brush set,1,,,,,cbn9175,,13 October 2014,3.89,0.78,4.67,4.67,6
pmp991,drain pump with housing,1,,,,,pmp991,,13 October 2014,5.88,1.18,7.06,7.06,6
dst1240348506,door interlock,1,,,,,dst1240348506,,13 October 2014,6.60,1.32,7.92,7.92,6
jegppj048t,contract 45 amp ceiling,1,,,,,jegppj048t,,13 October 2014,4.10,0.82,4.92,4.92,18
quapmp250,pump bpsch,1,,,,,quapmp250,,13 October 2014,5.88,1.18,7.06,7.06,18
quapol26,belt 1194j5,1,,,,,quapol26,,13 October 2014,2.39,0.48,2.87,2.87,18
quapol75,belt 1220j5,1,,,,,quapol75,,13 October 2014,2.01,0.40,2.41,2.41,18
quapol80,belt 1230j5,1,,,,,quapol80,,13 October 2014,3.56,0.71,4.27,4.27,18
quapol82,belt 1245j5,1,,,,,quapol82,,13 October 2014,2.29,0.46,2.75,2.75,18
cap246,capacitor 7.5  ,1,,,,,cap246,,22 October 2014,0.85,0.17,1.02,1.02,6
etrg9ww136,2w g9 retrofit led,2,,,,,etrg9ww136,,22 October 2014,3.99,0.80,4.79,9.58,6
80662,250lm warm light,1,,,,,80662,,23 October 2014,3.25,0.65,3.9,3.9,31
80971,200lm warm light,2,,,,,80971,,23 October 2014,3.99,0.80,4.79,9.58,31
hptc00142628,drum rear bearing teardro,2,,,,,hptc00142628,,31 October 2014,3.40,0.68,4.08,8.16,18
quadrm06,drum paddle hotpoint,4,,,,,quadrm06,,31 October 2014,0.97,0.19,1.16,4.64,18
nzlkit7,32mm extension kit,1,,,,,nzlkit7,,11 November 2014,4.99,1.00,5.99,5.99,6
hse630,32mm hose black,1,,,,,hse630,,11 November 2014,4.99,1.00,5.99,5.99,6
merc00113038,shaft kit td,3,,,,,merc00113038,,11 November 2014,4.99,1.00,5.99,17.97,6
bekbe264100004,fan motor ,1,,,,,bekbe264100004,,9 December 2014,19.23,3.85,23.08,23.08,18
hptc00144315,top spray arm fixing  nut,9,,,,,hptc00144315,,9 December 2014,1.47,0.29,1.76,15.84,18
quacs136,oven thermometer,6,,,,,quacs136,,9 December 2014,0.90,0.18,1.08,6.48,18
quacs139,meat thermometer oven,3,,,,,quacs139,,9 December 2014,1.97,0.39,2.36,7.08,18
wpl481281719419,carbon brush,2,,,,,wpl481281719419,,9 December 2014,8.14,1.63,9.77,19.54,6
dst1326630009,drain pump askoll m113,1,,,,,dst1326630009,,9 December 2014,6.85,1.37,8.22,8.22,6
dor9329,door lock hotpoint,1,,,,,dor9329,,9 December 2014,2.75,0.55,3.3,3.3,6
fvlp095199,fan switch ckr5408,1,,,,,fvlp095199,,9 December 2014,6.24,1.25,7.49,7.49,6
bek116100007,fan blade,1,,,,,bek116100007,,9 December 2014,4.90,0.98,5.88,5.88,6
ps3402,dryer heater element,1,,,,,ps3402,,11 December 2014,3.00,0.60,3.60,3.6,34
in34100,dryer heater element,1,,,,,in34100,,11 December 2014,5.75,1.15,6.9,6.9,34
hm1403,fan oven heater element,2,,,,,hm1403,,11 December 2014,2.48,0.50,2.98,5.96,34
r1456,ignition wick,1,,,,,r1456,,15 December 2014,1.22,0.24,1.46,1.46,35
r1453,wick of7,1,,,,,r1453,,15 December 2014,8.65,1.73,10.38,10.38,35
a2528,wick set oil burners,2,,,,,a2528,,15 December 2014,7.31,1.46,8.77,17.54,35
r3731,wick oil burner,2,,,,,r3731,,15 December 2014,7.69,1.54,9.23,18.46,35
80701,gls led 12w,2,,,,,80701,,17 December 2014,7.75,1.55,9.3,18.6,36
81284,gls led 10w,5,,,,,81284,,17 December 2014,5.00,1.00,6.00,30,36
bek300180094,fan oven element 2000w,1,,,,,bek300180094,,18 December 2015,10.42,2.08,12.5,12.5,6
ele9327,fan oven element 2 turn,1,,,,,ele9327,,18 December 2015,4.99,1.00,5.99,5.99,6
ele9342,ego fan oven element 250,1,,,,,ele9342,,18 December 2015,5.95,1.19,7.14,7.14,6
wel3340,lamp 15w ses,3,,,,,wel3340,,18 December 2015,0.70,0.14,0.84,2.52,6
wel4813,lamp 25w ses,4,,,,,wel4813,,18 December 2015,0.69,0.14,0.83,3.32,6
ele4115,energy regulator,1,,,,,ele4115,,8 January 2015,6.15,1.23,7.38,7.38,6
ele9180,energy regulator simmer,2,,,,,ele9180,,8 January 2015,7.49,1.50,8.99,17.98,6
06580h,danfoss nozzle,2,,,,,06580h,,8 January 2015,3.70,0.74,4.44,8.88,32
dst50226819006,wheel support zanussi,4,,,,,dst50226819006,,8 January 2015,1.40,0.28,1.68,6.72,18
dst50269970005,basket wheel upper pack,1,,,,,dst50269970005,,8 January 2015,4.77,0.95,5.72,5.72,18
dst50269971003,basket wheel kit lower,1,,,,,dst50269971003,,8 January 2015,6.05,1.21,7.26,7.26,18
fvlp095199,rotary switch ego,6,,,,,fvlp095199,,8 January 2015,1.68,0.34,2.02,12.12,18
quafwh20,fill hose 2.5 red,3,,,,,quafwh20,,8 January 2015,1.12,0.22,1.34,4.02,18
qyafwh21,fill hose 2.5 blue,2,,,,,qyafwh21,,8 January 2015,1.12,0.22,1.34,2.68,18
0.6580eh,danfoss nozzle,2,,,,,0.6580eh,,22 January 2015,3.70,0.74,4.44,8.88,32
0.4080eh,danfoss nozzle,2,,,,,0.4080eh,,22 January 2015,4.00,0.80,4.80,9.6,32
e-gsk,square gasket,2,,,,,e-gsk,,22 January 2015,3.90,0.78,4.68,9.36,32
ele9349,ego fan oven element,1,,,,,ele9349,,22 January 2015,5.95,1.19,7.14,7.14,6
bek1881050200,rope door hinge,4,,,,,bek1881050200,,22 January 2015,2.45,0.49,2.94,11.76,6
d-gsk,round burner gasket,3,,,,,d-gsk,,23 January 2015,2.80,0.56,3.36,10.08,32
f-gsk,square burner gasket,2,,,,,f-gsk,,23 January 2015,2.80,0.56,3.36,6.72,32
e-gsk,square gasket,3,,,,,e-gsk,,23 January 2015,3.90,0.78,4.68,14.04,32
b-gsk,hard fibre burner gasket,2,,,,,b-gsk,,23 January 2015,4.00,0.80,4.80,9.6,32
kidd01,alarm digi,1,,,,,kidd01,,28 January 2015,22.87,4.57,27.44,27.44,37
rayro1,glowcoil,1,,,,,rayro1,,28 January 2015,40.54,8.11,48.65,48.65,37
r1402,rayburn nouvelle 368 glocoil,1,,,,,r1402,,28 January 2015,40.54,8.11,48.65,48.65,38
7dcoc,kidde lifesaver alarm,1,,,,,7dcoc,,28 January 2015,15.41,0.00,15.41,15.41,38
ele997,hotplate hob ring element,2,,,,,ele997,,5 February 2015,2.65,0.53,3.18,6.36,6
ele993,hotplate hob ring element,2,,,,,ele993,,5 February 2015,1.60,0.32,1.92,3.84,6
flt2178,universal grease paper,2,,,,,flt2178,,5 February 2015,1.89,0.38,2.27,4.54,6
cbn9034,carbon brush servis,2,,,,,cbn9034,,5 February 2015,8.84,1.77,10.61,21.22,6
ele045,spider hotplate element,1,,,,,ele045,,5 February 2015,1.03,0.21,1.24,1.24,6
ele992,hotplate hob ring element,4,,,,,ele992,,5 February 2015,1.64,0.33,1.97,7.88,6
ele046,spider hotplate element,1,,,,,ele046,,5 February 2015,1.93,0.39,2.32,2.32,6
ele9147,radiant boiling plate,3,,,,,ele9147,,5 February 2015,2.62,0.52,3.14,9.42,6
fvlae4m260155,fan oven element,1,,,,,fvlae4m260155,,5 February 2015,14.27,2.85,17.12,17.12,18
hptc001499168,element oven 2500,1,,,,,hptc001499168,,5 February 2015,5.00,1.00,6.00,6,18
quacar99,carbon brushes + holder,1,,,,,quacar99,,5 February 2015,4.53,0.91,5.44,5.44,18
quafwh19,fill hose cold 1.5m,1,,,,,quafwh19,,5 February 2015,0.75,0.15,0.9,0.9,18
quahtr99,wash heater & sensor,1,,,,,quahtr99,,5 February 2015,8.99,1.80,10.79,10.79,18
quaint54,door lock indesit dw,1,,,,,quaint54,,5 February 2015,2.69,0.54,3.23,3.23,18
89226,15mm isolating valve,1,,,,,89226,,8 February 2015,2.40,0.48,2.88,2.88,24
dn80h,danfoss nozzle 0.65,2,,,,,dn80h,,9 February 2015,3.70,0.74,4.44,8.88,32
dn80h,danfoss nozzle 0.85,1,,,,,dn80h,,9 February 2015,3.70,0.74,4.44,4.44,32
brd01,braided flexi oil line,3,,,,,brd01,,9 February 2015,2.95,0.59,3.54,10.62,32
bfpcoil,danfoss bfp coil set,1,,,,,bfpcoil,,9 February 2015,12.50,2.50,15.00,15,32
dn80eh,danfoss nozzle 0.75,3,,,,,dn80eh,,9 February 2015,3.70,0.74,4.44,13.32,32
f-gsk,soft fibre burner gasket,2,,,,,f-gsk,,9 February 2015,2.80,0.56,3.36,6.72,32
b-gsk,hard fibre burner gasket,2,,,,,b-gsk,,9 February 2015,4.00,0.80,4.80,9.6,32
d-gsk,doughnut burner seal,2,,,,,d-gsk,,9 February 2015,2.80,0.56,3.36,6.72,32
e-gsk,square burner gasket,1,,,,,e-gsk,,9 February 2015,3.90,0.78,4.68,4.68,32
nip1,1/4 x 1/4 connecting nipple,2,,,,,nip1,,5 March 2015,1.15,0.23,1.38,2.76,32
nip2,3/8 x 3/8 connecting nipple,2,,,,,nip2,,5 March 2015,1.10,0.22,1.32,2.64,32
nip3,nipple3/8 x 1/4,2,,,,,nip3,,5 March 2015,0.85,0.17,1.02,2.04,32
nip4,1/4 x 1/4 fxc connecting nipple,3,,,,,nip4,,5 March 2015,0.75,0.15,0.9,2.7,32
nip5,1/8 x1/8 connecting nipple,2,,,,,nip5,,5 March 2015,1.30,0.26,1.56,3.12,32
bu3814,3/8 x1/4 bush brass,3,,,,,bu3814,,5 March 2015,0.15,0.03,0.18,0.54,32
bu1238,1/2 x 3/8 bush brass,3,,,,,bu1238,,5 March 2015,0.18,0.04,0.22,0.66,32
bu112,1 x 1/2 bush brass,2,,,,,bu112,,5 March 2015,0.65,0.13,0.78,1.56,32
fit2,10mmx1/4 compression fitting,1,,,,,fit2,,5 March 2015,0.46,0.09,0.55,0.55,32
fit5,10 x 1/4 elbow compression,1,,,,,fit5,,5 March 2015,0.47,0.09,0.56,0.56,32
fit1,10mm x 3/8 compression,1,,,,,fit1,,5 March 2015,0.46,0.09,0.55,0.55,32
fit4,10mmx3/8 elbow compression,1,,,,,fit4,,5 March 2015,0.58,0.12,0.7,0.7,32
fit12,10mm compression straight,1,,,,,fit12,,5 March 2015,0.58,0.12,0.7,0.7,32
fit13,10mm compression elbow,1,,,,,fit13,,5 March 2015,0.65,0.13,0.78,0.78,32
fit15,10mm x 3/8 f1 straight,1,,,,,fit15,,5 March 2015,0.39,0.08,0.47,0.47,32
fit0,10mm x1/4 f1 straight,1,,,,,fit0,,5 March 2015,0.39,0.08,0.47,0.47,32
14w,1/4 nipple washer,18,,,,,14w,,5 March 2015,0.20,0.04,0.24,4.32,32
flas3,10mm x 3/8 st flared fitting,1,,,,,flas3,,5 March 2015,1.10,0.22,1.32,1.32,32
flar4,10x 1/4 st flared fitting,1,,,,,flar4,,5 March 2015,1.10,0.22,1.32,1.32,32
olive-10,10mm olives,1,,,,,olive-10,,5 March 2015,0.80,0.16,0.96,0.96,32
olive-15,15mm olive,1,,,,,olive-15,,5 March 2015,0.90,0.18,1.08,1.08,32
olive-22,22mm olive,1,,,,,olive-22,,5 March 2015,1.20,0.24,1.44,1.44,32
cse-22,22mm compression stop end,1,,,,,cse-22,,5 March 2015,0.66,0.13,0.79,0.79,32
cse-15,15mm compression stop end,1,,,,,cse-15,,5 March 2015,0.39,0.08,0.47,0.47,32
cse-10,10mm compression stop end,1,,,,,cse-10,,5 March 2015,0.39,0.08,0.47,0.47,32
sr-amid,3 port acutator,1,,,,,sr-amid,,5 March 2015,25.50,5.10,30.60,30.6,32
0.7560'es,danfoss nozzle,1,,,,,0.7560'es,,5 March 2015,3.70,0.74,4.44,4.44,32
0.8560'es,danfoss nozzle,1,,,,,0.8560'es,,5 March 2015,3.70,0.74,4.44,4.44,32
0.6080'eh,danfoss nozzle,1,,,,,0.6080'eh,,5 March 2015,3.70,0.74,4.44,4.44,32
0.5080'eh,danfoss nozzle,1,,,,,0.5080'eh,,5 March 2015,3.70,0.74,4.44,4.44,32
0.4580's,danfoss nozzle,1,,,,,0.4580's,,5 March 2015,4.00,0.80,4.80,4.8,32
0.5080'es,danfoss nozzle,1,,,,,0.5080'es,,5 March 2015,3.70,0.74,4.44,4.44,32
0.5580'h,danfoss nozzle,1,,,,,0.5580'h,,5 March 2015,3.70,0.74,4.44,4.44,32
mz40,satronic photocell short 40mm,1,,,,,mz40,,5 March 2015,5.00,1.00,6.00,6,32
bsh00630628,door latch,1,,,,,bsh00630628,,5 March 2015,4.90,0.98,5.88,5.88,18
bekbe2867700100,button housing beko,1,,,,,bekbe2867700100,,5 March 2015,3.07,0.61,3.68,3.68,18
bsh154740,carbon brushes bosch,2,,,,,bsh154740,,5 March 2015,16.47,3.29,19.76,39.52,18
bsh611312,sensor,1,,,,,bsh611312,,5 March 2015,8.68,1.74,10.42,10.42,18
quacs146,twin energy regulator,2,,,,,quacs146,,5 March 2015,6.05,1.21,7.26,14.52,18
quapmp236,pump drain hotpoint,1,,,,,quapmp236,,5 March 2015,8.06,1.61,9.67,9.67,18
quapmp239,pump aeg,1,,,,,quapmp239,,5 March 2015,4.74,0.95,5.69,5.69,18
rb7025,severin robotic vac,1,,,,,rb7025,,6 March 2015,69.94,13.99,83.93,83.93,31
700003-ww,8w e27 50w warm white,5,,,,,700003-ww,,12 March 2015,5.68,1.14,6.82,34.1,39
3600016-rgb-uk,colour changing 5w,1,,,,,3600016-rgb-uk,,12 March 2015,11.99,2.40,14.39,14.39,39
700008-ww-eu,3w e14 r39,2,,,,,700008-ww-eu,,12 March 2015,4.99,1.00,5.99,11.98,39
200052-ww-eu,4w gu10 led,4,,,,,200052-ww-eu,,12 March 2015,3.79,0.76,4.55,18.2,39
ele9327,fan oven element 2 turn,3,,,,,ele9327,,23 March 2015,4.99,1.00,5.99,17.97,6
wpl482000011533,bracket pulley,2,,,,,wpl482000011533,,24 March 2015,2.80,0.56,3.36,6.72,6
wpl481953228227,ring triangular drum,9,,,,,wpl481953228227,,24 March 2015,2.55,0.51,3.06,27.54,6
wpl481952888108,pulley wheel,1,,,,,wpl481952888108,,24 March 2015,10.39,2.08,12.47,12.47,6
wpl481935818142,belt drive,1,,,,,wpl481935818142,,24 March 2015,12.35,2.47,14.82,14.82,6
be14105,fan oven heater element,2,,,,,be14105,,25 March 2015,5.67,1.13,6.8,13.6,34
wpl484000000955,wpro terra bianca,2,,,,,wpl484000000955,,26 March 2015,6.20,1.24,7.44,14.88,6
0.4560'es,danfoss nozzle,2,,,,,0.4560'es,,30 March 2015,4.45,0.89,5.34,10.68,32
sr-2port,2 port actuator,1,,,,,sr-2port,,30 March 2015,23.50,4.70,28.20,28.2,32
0.5580'eh,danfoss nozzle,1,,,,,0.5580'eh,,30 March 2015,3.95,0.79,4.74,4.74,32
0.6080'es,danfoss nozzle,2,,,,,0.6080'es,,30 March 2015,3.95,0.79,4.74,9.48,32
0.5580'es,danfoss nozzle,1,,,,,0.5580'es,,30 March 2015,3.95,0.79,4.74,4.74,32
0.6580'es,danfoss nozzle,1,,,,,0.6580'es,,30 March 2015,3.95,0.79,4.74,4.74,32
0.5080'es,danfoss nozzle,1,,,,,0.5080'es,,30 March 2015,3.95,0.79,4.74,4.74,32
0.5060'h,danfoss nozzle,1,,,,,0.5060'h,,30 March 2015,3.95,0.79,4.74,4.74,32
0.6060'h,danfoss nozzle,1,,,,,0.6060'h,,30 March 2015,3.95,0.79,4.74,4.74,32
0.4060'h,danfoss nozzle,1,,,,,0.4060'h,,30 March 2015,3.95,0.79,4.74,4.74,32
y30,19mm rope seal 1800mm,1,,,,,y30,,30 March 2015,10.00,2.00,12.00,12,32
ys15,25mm rope seal 1400mm,1,,,,,ys15,,30 March 2015,10.00,2.00,12.00,12,32
y15,twisted glass yarn 6mm,1,,,,,y15,,30 March 2015,2.00,0.40,2.40,2.4,32
y23,braided glass yarn 12mm,1,,,,,y23,,30 March 2015,5.00,1.00,6.00,6,32
y21,braided glass yarn 10mm,1,,,,,y21,,30 March 2015,3.50,0.70,4.20,4.2,32
bek263100004,oven switch,3,,,,,bek263100004,,31 March 2015,2.40,0.48,2.88,8.64,34
bek210110017,oven door hinge,3,,,,,bek210110017,,31 March 2015,6.70,1.34,8.04,24.12,34
can97916670,carbon brush + holder,3,,,,,can97916670,,31 March 2015,3.95,0.79,4.74,14.22,34
brg9305,bearing drum rear,5,,,,,brg9305,,7 April 2015,2.87,0.57,3.44,17.2,6
merc00095551,drive pin,1,,,,,merc00095551,,7 April 2015,4.37,0.87,5.24,5.24,6
stv082632420,spring hinge,2,,,,,stv082632420,,7 April 2015,4.12,0.82,4.94,9.88,6
ele9327,fan oven element 2 turn,2,,,,,ele9327,,7 April 2015,4.99,1.00,5.99,11.98,6
bek2840940200,pump & filter assembly,1,,,,,bek2840940200,,7 April 2015,14.99,3.00,17.99,17.99,6
stv082632327,brake rope door hinge,4,,,,,stv082632327,,7 April 2015,3.22,0.64,3.86,15.44,6
0.8580'es,danfoss nozzle,2,,,,,0.8580'es,,7 April 2015,3.95,0.79,4.74,9.48,40
0.4580'es,danfoss nozzle,2,,,,,0.4580'es,,7 April 2015,4.25,0.85,5.1,10.2,40
0.7580'h,danfoss nozzle,2,,,,,0.7580'h,,7 April 2015,3.95,0.79,4.74,9.48,40
0.6080'h,danfoss nozzle,1,,,,,0.6080'h,,7 April 2015,3.95,0.79,4.74,4.74,40
0.4560'es,danfoss nozzle,4,,,,,0.4560'es,,7 April 2015,4.45,0.89,5.34,21.36,40
0.5560'es,danfoss nozzle,2,,,,,0.5560'es,,7 April 2015,3.95,0.79,4.74,9.48,40
0.6560'es,danfoss nozzle,1,,,,,0.6560'es,,7 April 2015,3.95,0.79,4.74,4.74,40
0.3580's,danfoss nozzle,1,,,,,0.3580's,,7 April 2015,4.75,0.95,5.7,5.7,40
0.3560'h,danfoss nozzle,2,,,,,0.3560'h,,7 April 2015,4.75,0.95,5.7,11.4,40
0.5580'eh,danfoss nozzle,2,,,,,0.5580'eh,,7 April 2015,3.95,0.79,4.74,9.48,40
0.6580'eh,danfoss nozzle,2,,,,,0.6580'eh,,7 April 2015,3.95,0.79,4.74,9.48,40
0.8580'eh,danfoss nozzle,2,,,,,0.8580'eh,,7 April 2015,3.95,0.79,4.74,9.48,40
0.4080'h,danfoss nozzle,2,,,,,0.4080'h,,7 April 2015,4.25,0.85,5.1,10.2,40
q32205,rinse jet,8,,,,,q32205,,8 April 2015,1.03,0.21,1.24,9.92,21
blt2200,belt neopropene round t/t,1,,,,,blt2200,,9 April 2015,3.40,0.68,4.08,4.08,6
ele4017,element top oven dual,1,,,,,ele4017,,21 April 2015,11.95,2.39,14.34,14.34,6
wpl481281719419,carbon brush,3,,,,,wpl481281719419,,21 April 2015,8.14,1.63,9.77,29.31,6
bsh629580,door interlock,1,,,,,bsh629580,,21 April 2015,8.57,1.71,10.28,10.28,6
mdi673001600021,locking nut,3,,,,,mdi673001600021,,21 April 2015,2.25,0.45,2.7,8.1,6
bsh611312,sensor,1,,,,,bsh611312,,21 April 2015,8.83,1.77,10.6,10.6,6
whl9288,compatible upper basket,1,,,,,whl9288,,21 April 2015,4.69,0.94,5.63,5.63,6
whl9290,compatible upper basket,2,,,,,whl9290,,21 April 2015,3.55,0.71,4.26,8.52,6
panaxw5027sro,pulley,3,,,,,panaxw5027sro,,21 April 2015,1.69,0.34,2.03,6.09,6
a1236,sight,5,,,,,a1236,,24 April 2015,3.00,0.60,3.60,18,37
a2204,aga ry sight  glass gskt,5,,,,,a2204,,24 April 2015,1.53,0.31,1.84,9.2,37
cons02,cerwick-r,1,,,,,cons02,,24 April 2015,16.25,3.25,19.5,19.5,37
cera wick set,d10146,4,,,,,cera wick set,,24 April 2015,2.70,0.54,3.24,12.96,37
fireangel10yr,fire01,2,,,,,fireangel10yr,,24 April 2015,11.95,2.39,14.34,28.68,37
rope fxg adhesive,reg-y25,3,,,,,rope fxg adhesive,,24 April 2015,2.95,0.59,3.54,10.62,37
ry rope seal 2mtr no4,r5627,2,,,,,ry rope seal 2mtr no4,,24 April 2015,6.01,1.20,7.21,14.42,37
hse685,hose drain,4,,,,,hse685,,1 May 2015,0.95,0.19,1.14,4.56,6
pmp991,drain pump + housing,1,,,,,pmp991,,1 May 2015,7.36,1.47,8.83,8.83,6
ext0010,13a gang trailing,10,,,,,ext0010,,1 May 2015,0.81,0.16,0.97,9.7,6
,various bulbs,1,,,,,,,4 May 2015,84.99,16.15,101.14,101.14,39
blt072,belt drum polyvee,1,,,,,blt072,,6 May 2015,1.99,0.40,2.39,2.39,6
lr130,servisol label remover,1,,,,,lr130,,6 May 2015,4.31,0.86,5.17,5.17,6
ele992,hotplate hob ring element,1,,,,,ele992,,6 May 2015,1.64,0.33,1.97,1.97,6
bek263100016,oven thermometer,1,,,,,bek263100016,,13 May 2015,10.63,2.13,12.76,12.76,6
bsh611473,bearing ,1,,,,,bsh611473,,26 May 2015,6.62,1.32,7.94,7.94,6
bsh611472,clips bearing,1,,,,,bsh611472,,26 May 2015,4.83,0.97,5.8,5.8,6
bsh6114745,lower d/w basket,2,,,,,bsh6114745,,26 May 2015,2.72,0.54,3.26,6.52,6
fvln003169,screw n1752,5,,,,,fvln003169,,26 May 2015,1.13,0.23,1.36,6.8,6
grj503169,drum paddle lifter,2,,,,,grj503169,,26 May 2015,7.98,1.60,9.58,19.16,6
fvln003253,m5 x 12 pan hd pozi t/t,5,,,,,fvln003253,,26 May 2015,1.13,0.23,1.36,6.8,6
fvl9303350100,top grill element,1,,,,,fvl9303350100,,26 May 2015,25.43,5.09,30.52,30.52,6
fvln003479,m5 x 12 socket button,5,,,,,fvln003479,,26 May 2015,1.13,0.23,1.36,6.8,6
fvlae4m260155,fan oven element,2,,,,,fvlae4m260155,,26 May 2015,14.24,2.85,17.09,34.18,6
quaele101,element fan oven stoves,3,,,,,quaele101,,26 May 2015,3.80,0.76,4.56,13.68,18
quaele2110ego,element fan oven ego,5,,,,,quaele2110ego,,26 May 2015,4.77,0.95,5.72,28.6,18
wpl481236248004,carbon brushes in holoder,4,,,,,wpl481236248004,,26 May 2015,4.40,0.88,5.28,21.12,18
b6504,3uf capacitor,2,,,,,b6504,,26 May 2015,8.15,1.63,9.78,19.56,32
cm1,capacitor-mic w/o,1,,,,,cm1,,26 May 2015,28.00,5.60,33.60,33.6,32
0.4580's,danfoss nozzle,1,,,,,0.4580's,,26 May 2015,4.50,0.90,5.40,5.4,32
0.6080's,danfoss nozzle,1,,,,,0.6080's,,26 May 2015,3.85,0.77,4.62,4.62,32
mzlead,satronic mz photocell lead,1,,,,,mzlead,,26 May 2015,1.90,0.38,2.28,2.28,32
mz80,satronic mz770s photocell long 80mm,1,,,,,mz80,,26 May 2015,7.50,1.50,9.00,9,32
mz40,satronic photocell mz770s short 40mm,1,,,,,mz40,,26 May 2015,5.00,1.00,6.00,6,32
tf832,satronic tf832 control box,1,,,,,tf832,,26 May 2015,19.00,3.80,22.80,22.8,32
0.6060's,danfoss nozzle,2,,,,,0.6060's,,27 May 2015,3.85,0.77,4.62,9.24,32
0.6560's,danfoss nozzle,1,,,,,0.6560's,,27 May 2015,3.85,0.77,4.62,4.62,32
0.7560's,danfoss nozzle,1,,,,,0.7560's,,27 May 2015,3.85,0.77,4.62,4.62,32
0.8560's,danfoss nozzle,1,,,,,0.8560's,,27 May 2015,3.85,0.77,4.62,4.62,32
0.5060's,danfoss nozzle,1,,,,,0.5060's,,27 May 2015,3.85,0.77,4.62,4.62,32
5core,heat resistant white cable 1 mtr,10,,,,,5core,,27 May 2015,0.80,0.16,0.96,9.6,32
80647,golf led,1,,,,,80647,,1 June 2015,3.62,0.72,4.34,4.34,31
q910265,relay finder 2 pole,3,,,,,q910265,,4 June 2015,10.12,2.02,12.14,36.42,21
s8099,g4 led warm white,3,,,,,s8099,,5 June 2015,2.60,0.52,3.12,9.36,31
quacar73,carbon brush + holder,3,,,,,quacar73,,8 June 2015,4.50,0.90,5.40,16.2,18
bsh611820,non return valve,2,,,,,bsh611820,,8 June 2015,8.05,1.61,9.66,19.32,34
95355,robus electronic transformer,2,,,,,95355,,11 June 2015,5.22,1.04,6.26,12.52,30
32319,osram led star fridge lamp 100l,2,,,,,32319,,11 June 2015,6.33,1.27,7.6,15.2,30
91002,13a 2 gang switched plug socket,2,,,,,91002,,11 June 2015,3.50,0.70,4.20,8.4,30
29220,flexi waste straight coupling 30-38,3,,,,,29220,,11 June 2015,6.06,1.21,7.27,21.81,30
81383,flexi waste straight coupling 38-45,3,,,,,81383,,11 June 2015,6.06,1.21,7.27,21.81,30
89445,dual safety thermometer,2,,,,,89445,,11 June 2015,8.22,1.64,9.86,19.72,30
32319,osram led fridge lamp,2,,,,,32319,,12 June 2015,6.32,1.26,7.58,15.16,24
91002,bg 13a 2g dp outboard rocker,2,,,,,91002,,12 June 2015,4.20,0.84,5.04,10.08,24
29220,straight coupling 30-38mm,3,,,,,29220,,12 June 2015,6.06,1.21,7.27,21.81,24
81383,straight coupling 38-45mm,3,,,,,81383,,12 June 2015,6.06,1.21,7.27,21.81,24
89445,"dual safety thermostat 18""",2,,,,,89445,,12 June 2015,8.22,1.64,9.86,19.72,24
95355,robus 20-60w transformer,2,,,,,95355,,12 June 2015,6.26,1.25,7.51,15.02,24
cbn9191,carbon brush + holder,3,,,,,cbn9191,,17 June 2015,4.50,0.90,5.40,16.2,6
cap244,capacitor 7uf,3,,,,,cap244,,17 June 2015,1.17,0.23,1.4,4.2,6
bsh171598,sealing seal dw,2,,,,,bsh171598,,17 June 2015,3.30,0.66,3.96,7.92,6
cbn9175,carbon brush set t/f bek,3,,,,,cbn9175,,17 June 2015,5.50,1.10,6.60,19.8,6
cbn9210,carbon brush motor hoover,3,,,,,cbn9210,,17 June 2015,3.50,0.70,4.20,12.6,6
ele9312,element nut + bolt set,1,,,,,ele9312,,17 June 2015,1.40,0.28,1.68,1.68,6
700002-ww,6w e14 r50 led bulb warm white,8,,,,,700002-ww,,26 June 2015,4.21,0.84,5.05,40.4,39
600017-ww,3w g4 led disc 40 w halogen,1,,,,,600017-ww,,26 June 2015,6.60,1.32,7.92,7.92,39
5000062,24w led driver adaptor,1,,,,,5000062,,26 June 2015,8.99,1.80,10.79,10.79,39
bsh611320,valve non return,2,,,,,bsh611320,,26 June 2015,8.05,1.61,9.66,19.32,34
nummcnvm1ch,hepaflo filter dust bags,5,,,,,nummcnvm1ch,,29 June 2015,3.18,0.64,3.82,19.1,6
hse5149,hose drain extendable,1,,,,,hse5149,,29 June 2015,1.11,0.22,1.33,1.33,6
hse5148,hose drain extendable,1,,,,,hse5148,,29 June 2015,1.35,0.27,1.62,1.62,6
bsh644221,door handle,2,,,,,bsh644221,,29 June 2015,2.41,0.48,2.89,5.78,6
merc00054869,drain hose 90 deg end,1,,,,,merc00054869,,29 June 2015,2.75,0.55,3.3,3.3,6
ele4123,energy regulator simmer,1,,,,,ele4123,,29 June 2015,7.09,1.42,8.51,8.51,6
50081,fan oven element beko,2,,,,,50081,,9 July 2015,8.84,1.77,10.61,21.22,31
5019,grill element brandt,2,,,,,5019,,9 July 2015,9.95,1.99,11.94,23.88,31
8949,door gasket bosch,1,,,,,8949,,9 July 2015,4.70,0.94,5.64,5.64,31
s8100,led 2w warm white bulbs,6,,,,,s8100,,9 July 2015,2.97,0.59,3.56,21.36,31
quaele2084,element fan oven 26515w,2,,,,,quaele2084,,10 July 2015,7.26,1.45,8.71,17.42,18
wpl482000011533,bracket pulley,5,,,,,wpl482000011533,,23 July 2015,2.80,0.56,3.36,16.8,6
wpl481953228227,ring triangular drum,3,,,,,wpl481953228227,,23 July 2015,2.69,0.54,3.23,9.69,6
etrc411ses,eterna led candle lamp,5,,,,,etrc411ses,,23 July 2015,3.14,0.63,3.77,18.85,6
wpl481935818142,belt drive,1,,,,,wpl481935818142,,23 July 2015,12.35,2.47,14.82,14.82,6
wele402wcs,wellco 4 gang 2m ext lea,3,,,,,wele402wcs,,23 July 2015,4.81,0.96,5.77,17.31,6
unvcnd05e143k,5w led candle lamp,2,,,,,unvcnd05e143k,,23 July 2015,3.95,0.79,4.74,9.48,6
oven/grill element 2350w,ele9318,1,,,,,oven/grill element 2350w,,23 July 2015,1.00,0.20,1.20,1.2,6
,40mm sink wa,1,,,,,,,25 July 2015,4.55,0.91,5.46,5.46,41
,40mm uni com,1,,,,,,,25 July 2015,1.37,0.27,1.64,1.64,41
can41020376,fan oven heater element,3,,,,,can41020376,,3 August 2015,9.80,1.96,11.76,35.28,34
wpl482000011533,bracket pulley,3,,,,,wpl482000011533,,5 August 2015,2.80,0.56,3.36,10.08,6
blt207,multi rib belt,1,,,,,blt207,,5 August 2015,2.63,0.53,3.16,3.16,6
n088zkt63a,fuse 6.3 amp 20mm,30,,,,,n088zkt63a,,5 August 2015,0.13,0.03,0.16,4.8,6
q307334,rocker switch impulse black,1,,,,,q307334,,6 August 2015,1.03,0.21,1.24,1.24,21
q307523,rocker switch impulse yellow,1,,,,,q307523,,6 August 2015,10.05,2.01,12.06,12.06,21
q902314,cutlery inset square,3,,,,,q902314,,6 August 2015,1.11,0.22,1.33,3.99,21
q307371,rocker push button ignition,1,,,,,q307371,,19 August 2015,2.50,0.50,3.00,3,21
q307374,rocker push button ,5,,,,,q307374,,19 August 2015,1.81,0.36,2.17,10.85,21
q307338,rocker switch impulse white,3,,,,,q307338,,19 August 2015,2.21,0.44,2.65,7.95,21
grj441935,connect hose,1,,,,,grj441935,,19 August 2015,30.24,6.05,36.29,36.29,6
frg1785,motor fan unit,1,,,,,frg1785,,24 August 2015,7.19,1.44,8.63,8.63,6
mtg481201230179,holder detergent,1,,,,,mtg481201230179,,24 August 2015,6.41,1.28,7.69,7.69,6
ele4115,energy regulator simmer,1,,,,,ele4115,,24 August 2015,7.15,1.43,8.58,8.58,6
whl9290,compatible upper basket,3,,,,,whl9290,,24 August 2015,3.73,0.75,4.48,13.44,6
blk0134,wellco bulk batten lamp,1,,,,,blk0134,,24 August 2015,5.66,1.13,6.79,6.79,6
whl9288,compatible lower dishwash,3,,,,,whl9288,,24 August 2015,4.92,0.98,5.9,17.7,6
ele9180,energy regulator simmer,1,,,,,ele9180,,24 August 2015,7.49,1.50,8.99,8.99,6
lyv3469,lyvia 3469 slimline 13a,2,,,,,lyv3469,,24 August 2015,2.42,0.48,2.9,5.8,6
ele9180,energy regulator simmer,1,,,,,ele9180,,1 September 2015,7.49,1.50,8.99,8.99,6
ele4116,energy regulator simmer,1,,,,,ele4116,,1 September 2015,8.78,1.76,10.54,10.54,6
ele4109,energy regulator simmer,2,,,,,ele4109,,1 September 2015,6.86,1.37,8.23,16.46,6
ele4117,energy regulator simmer,2,,,,,ele4117,,1 September 2015,5.99,1.20,7.19,14.38,6
8716113594,pump head,1,,,,,8716113594,,3 September 2015,64.15,12.83,76.98,76.98,32
c26p0227,ranco stat,1,,,,,c26p0227,,3 September 2015,29.95,5.99,35.94,35.94,32
0.3580's,danfoss nozzle,1,,,,,0.3580's,,3 September 2015,4.50,0.90,5.40,5.4,32
1010c,10mm copper pipe coil,1,,,,,1010c,,8 September 2015,14.00,2.80,16.80,16.8,32
flar3,10mm x 38 st flared,3,,,,,flar3,,8 September 2015,1.10,0.22,1.32,3.96,32
flar4,10 x 1/4st flared,3,,,,,flar4,,8 September 2015,1.10,0.22,1.32,3.96,32
flar5,10mm straight,1,,,,,flar5,,8 September 2015,1.55,0.31,1.86,1.86,32
flar6 ,10mm x 3/8 elbow,3,,,,,flar6 ,,8 September 2015,1.15,0.23,1.38,4.14,32
flar2,10mm x 1/4 elbow,3,,,,,flar2,,8 September 2015,1.10,0.22,1.32,3.96,32
flar1,10mm flared elbow,1,,,,,flar1,,8 September 2015,1.45,0.29,1.74,1.74,32
co/1sa-uk,twin pack co & smoke,6,,,,,co/1sa-uk,,8 September 2015,11.00,2.20,13.20,79.2,32
200052-ww-eu,4w gu10 led bulbs,4,,,,,200052-ww-eu,,15 September 2015,3.50,0.70,4.20,16.8,39
700003-ww,8w e27 r63 reflector,2,,,,,700003-ww,,15 September 2015,5.99,1.20,7.19,14.38,39
dor3446,door interlock switch,2,,,,,dor3446,,15 September 2015,2.26,0.45,2.71,5.42,6
wel0160,wellco standard lightswitch,1,,,,,wel0160,,15 September 2015,5.70,1.14,6.84,6.84,6
ele4545,element fan oven 2500w,1,,,,,ele4545,,15 September 2015,10.21,2.04,12.25,12.25,6
bek300180094,fan oven element 2000w,1,,,,,bek300180094,,15 September 2015,10.42,2.08,12.5,12.5,6
ele4503,element fan oven fmt24,2,,,,,ele4503,,15 September 2015,8.44,1.69,10.13,20.26,6
blt218,belt drive t/f vax,1,,,,,blt218,,29 September 2015,0.88,0.18,1.06,1.06,6
blt219,drive belt vax turbo,1,,,,,blt219,,29 September 2015,0.90,0.18,1.08,1.08,6
bek262510005,fan oven element 1600w,1,,,,,bek262510005,,29 September 2015,9.99,2.00,11.99,11.99,6
dor9329,door lock hotpoint,3,,,,,dor9329,,29 September 2015,2.98,0.60,3.58,10.74,6
bek462300009,fan oven element 1600w,1,,,,,bek462300009,,29 September 2015,14.10,2.82,16.92,16.92,6
nzl3376,32mm floor tool,1,,,,,nzl3376,,12 October 2015,2.27,0.45,2.72,2.72,6
bek462300009,fan oven element 1600w,1,,,,,bek462300009,,12 October 2015,14.10,2.82,16.92,16.92,6
8716142423,oil isolation valve,2,,,,,8716142423,,19 October 2015,21.50,4.30,25.80,51.6,32
wick-r,cooker wick ,1,,,,,wick-r,,19 October 2015,22.00,4.40,26.40,26.4,32
s541510,limit thermostat,1,,,,,s541510,,19 October 2015,8.50,1.70,10.20,10.2,32
r2501-u,thermostat control boiler,1,,,,,r2501-u,,19 October 2015,13.00,2.60,15.60,15.6,32
r2500-u,oven stat,1,,,,,r2500-u,,19 October 2015,13.00,2.60,15.60,15.6,32
mdac00142628,drum rear teardrop bearing,3,,,,,mdac00142628,,20 October 2015,2.99,0.60,3.59,10.77,34
rnga94693,fan oven heater element,1,,,,,rnga94693,,20 October 2015,8.00,1.60,9.60,9.6,34
mdac00095655,drum shaft kit,2,,,,,mdac00095655,,20 October 2015,4.90,0.98,5.88,11.76,34
bek1881050200,door hinge spring,1,,,,,bek1881050200,,20 October 2015,1.95,0.39,2.34,2.34,34
bek1881030100,rope door hinge,3,,,,,bek1881030100,,27 October 2015,2.48,0.50,2.98,8.94,6
a2432,fuel inlet elb,1,,,,,a2432,,2 November 2015,9.59,1.92,11.51,11.51,37
dst1326630009,drain pump askoll 25w,1,,,,,dst1326630009,,23 November 2015,6.99,1.40,8.39,8.39,6
blt2200,belt neopropene round t/t,2,,,,,blt2200,,23 November 2015,3.74,0.75,4.49,8.98,6
ele4116,energy regulator simmer,2,,,,,ele4116,,23 November 2015,7.98,1.60,9.58,19.16,6
3798,boiling plate 180mm,1,,,,,3798,,23 November 2015,1.40,0.28,1.68,1.68,31
5288,boiling plate 145mm,1,,,,,5288,,23 November 2015,1.29,0.26,1.55,1.55,31
80021,pump askoll electrolux,2,,,,,80021,,23 November 2015,0.49,0.10,0.59,1.18,31
stv082590800,energy regulator mpv01,2,,,,,stv082590800,,2 December 2015,8.85,1.77,10.62,21.24,6
v4043h1056,22mm 2 port zone valve,1,,,,,v4043h1056,,2 December 2015,38.50,7.70,46.20,46.2,32
hpa2,danfoss hpa2 b2 port actuator,1,,,,,hpa2,,2 December 2015,32.00,6.40,38.40,38.4,32
1.1080'eh,danfoss nozzle,2,,,,,1.1080'eh,,2 December 2015,3.85,0.77,4.62,9.24,32
bfp11l3b,danfoss bfp11l3 service pump,1,,,,,bfp11l3b,,2 December 2015,37.90,7.58,45.48,45.48,32
mz40,satronic photocell mz770s short 40mm,1,,,,,mz40,,2 December 2015,5.00,1.00,6.00,6,32
mz80,satronic photocell mz770s long 80mm,1,,,,,mz80,,2 December 2015,7.50,1.50,9.00,9,32
b3701,single electrode,2,,,,,b3701,,2 December 2015,3.90,0.78,4.68,9.36,32
b5601,monoblock electrode,1,,,,,b5601,,2 December 2015,10.90,2.18,13.08,13.08,32
bek263100019,thermostat 7729486354,1,,,,,bek263100019,,7 December 2015,10.51,2.10,12.61,12.61,6
wpl481281719419,carbon brush,2,,,,,wpl481281719419,,7 December 2015,8.14,1.63,9.77,19.54,6
cbn9041,carbon brush t/f whirlpool,3,,,,,cbn9041,,7 December 2015,5.72,1.14,6.86,20.58,6
dst50265481007,carbon + holder,2,,,,,dst50265481007,,7 December 2015,6.60,1.32,7.92,15.84,6
4119,oven/microwave lamp,20,,,,,4119,,7 December 2015,0.92,0.18,1.1,22,31
bek371202407,carbon brush,3,,,,,bek371202407,,8 December 2015,5.15,1.03,6.18,18.54,34
rngp095199,fan oven selector switch,2,,,,,rngp095199,,8 December 2015,2.57,0.51,3.08,6.16,34
can41020376,fan oven heater element,2,,,,,can41020376,,8 December 2015,10.52,2.10,12.62,25.24,34
un12102,carbon brush sole type r side,2,,,,,un12102,,8 December 2015,5.50,1.10,6.60,13.2,34
850845,control knob output,1,,,,,850845,,13 December 2015,7.00,1.40,8.40,8.4,42
850846,input control knob,1,,,,,850846,,13 December 2015,5.00,1.00,6.00,6,42
851051,thermal fuselink red,1,,,,,851051,,13 December 2015,7.43,1.49,8.92,8.92,42
851054,thermal fuselink yellow,1,,,,,851054,,13 December 2015,7.43,1.49,8.92,8.92,42
lyv3635,lyveco led gls,3,,,,,lyv3635,,14 December 2015,2.92,0.58,3.5,10.5,6
lyv3638,lyveco led candle es,3,,,,,lyv3638,,14 December 2015,2.15,0.43,2.58,7.74,6
merc00113038,shaft kit t/d,5,,,,,merc00113038,,14 December 2015,5.30,1.06,6.36,31.8,6
50080,switch cooker,2,,,,,50080,,15 December 2015,3.17,0.63,3.8,7.6,31
80198,fan oven element hotpoint,2,,,,,80198,,15 December 2015,2.50,0.50,3.00,6,31
80700,fan oven element beko,2,,,,,80700,,15 December 2015,2.10,0.42,2.52,5.04,31
bek4410101001,bi metal cutout beko,5,,,,,bek4410101001,,15 December 2015,5.75,1.15,6.9,34.5,31
q910388,rocker switch latching yellow,2,,,,,q910388,,15 December 2015,2.46,0.49,2.95,5.9,21
q910382,rocker switch latching clear,2,,,,,q910382,,15 December 2015,3.09,0.62,3.71,7.42,21
q385330,rocker switch latching red 30x22m,2,,,,,q385330,,15 December 2015,2.25,0.45,2.7,5.4,21
q910384,rocker switch latching red 2 pole,2,,,,,q910384,,15 December 2015,2.46,0.49,2.95,5.9,21
q910391,rocker switch latching green,2,,,,,q910391,,15 December 2015,2.68,0.54,3.22,6.44,21
q307337,rocker switch latching green 230v,2,,,,,q307337,,15 December 2015,2.37,0.47,2.84,5.68,21
q307361,rocker switch latching red 30x22m led,2,,,,,q307361,,15 December 2015,2.21,0.44,2.65,5.3,21
q910380,rocker switch latching green,2,,,,,q910380,,15 December 2015,1.80,0.36,2.16,4.32,21
q910379,rocker switch latching 2 pole 230v,2,,,,,q910379,,15 December 2015,1.22,0.24,1.46,2.92,21
q910377,rocker switch latching red 19x13m 230v,2,,,,,q910377,,15 December 2015,1.63,0.33,1.96,3.92,21
q308437,rocker switch latching ,2,,,,,q308437,,15 December 2015,0.85,0.17,1.02,2.04,21
rayr01,oven stat boiler model,1,,,,,rayr01,,16 December 2015,19.80,3.96,23.76,23.76,37
rngp095199,fan oven selector switch,1,,,,,rngp095199,,18 December 2015,2.57,0.51,3.08,3.08,34
mdac00113038,drum shaft kit,3,,,,,mdac00113038,,19 December 2015,4.95,0.99,5.94,17.82,34
mdac00305794,riveted shaft repair kit,1,,,,,mdac00305794,,19 December 2015,8.11,1.62,9.73,9.73,34
hptc00197976,carbon brush set laminate,3,,,,,hptc00197976,,4 January 2016,3.49,0.70,4.19,12.57,18
hptc00305794,tumble dryer drum shaft,3,,,,,hptc00305794,,4 January 2016,7.49,1.50,8.99,26.97,18
quaele2010ego,element fan oven 2000w ar,1,,,,,quaele2010ego,,4 January 2016,7.95,1.59,9.54,9.54,18
quaele2124,dual grill element,1,,,,,quaele2124,,4 January 2016,11.79,2.36,14.15,14.15,18
5502,fan oven element belling,2,,,,,5502,,14 January 2016,10.30,2.06,12.36,24.72,31
6518,oven element belling,2,,,,,6518,,14 January 2016,3.01,0.60,3.61,7.22,31
ss5301,dimplex cut out,2,,,,,ss5301,,15 January 2016,16.92,3.38,20.3,40.6,43
xl9708,dimplex charge limiter,1,,,,,xl9708,,15 January 2016,22.65,4.53,27.18,27.18,43
9509015,dimplex field repair kit,1,,,,,9509015,,15 January 2016,21.43,4.29,25.72,25.72,43
6566,fan oven element zanussi,3,,,,,6566,,16 January 2016,6.21,1.24,7.45,22.35,31
9988,carbon brushes aeg fhp rl,3,,,,,9988,,16 January 2016,5.43,1.09,6.52,19.56,31
9989,carbon brushes aeg fhp lr,3,,,,,9989,,16 January 2016,4.55,0.91,5.46,16.38,31
bsh15474,carbon brushes bosch,3,,,,,bsh15474,,18 January 2016,16.35,3.27,19.62,58.86,18
bsh660868,door seal gasket fastening,1,,,,,bsh660868,,18 January 2016,5.40,1.08,6.48,6.48,18
hptc00113038,drum shaft kit v4,2,,,,,hptc00113038,,18 January 2016,5.15,1.03,6.18,12.36,18
hptc00305794,tumble dryer drum shaft,2,,,,,hptc00305794,,18 January 2016,7.49,1.50,8.99,17.98,18
flt5097,filter hepa level,1,,,,,flt5097,,18 January 2016,2.75,0.55,3.3,3.3,6
blt100,belt drive upright,1,,,,,blt100,,18 January 2016,0.69,0.14,0.83,0.83,6
ele9030,element heater 2100w,1,,,,,ele9030,,18 January 2016,5.99,1.20,7.19,7.19,6
flt5096,filter s-class dyson,5,,,,,flt5096,,18 January 2016,0.76,0.15,0.91,4.55,6
ext0020L,2 gang trailing socket,3,,,,,ext0020L,,18 January 2016,1.52,0.30,1.82,5.46,6
lyv3637,lyveco led candle,5,,,,,lyv3637,,18 January 2016,2.15,0.43,2.58,12.9,6
0.4060'es,danfoss nozzle,2,,,,,0.4060'es,,20 January 2016,4.25,0.85,5.1,10.2,32
0.5060'es,danfoss nozzle,4,,,,,0.5060'es,,20 January 2016,3.85,0.77,4.62,18.48,32
0.6060'es,danfoss nozzle,2,,,,,0.6060'es,,20 January 2016,3.85,0.77,4.62,9.24,32
b-gsk,hard fibre burner gasket,2,,,,,b-gsk,,20 January 2016,4.00,0.80,4.80,9.6,32
d-gsk,round burner gasket,1,,,,,d-gsk,,20 January 2016,2.90,0.58,3.48,3.48,32
e-gsk,(65323875) gasket,1,,,,,e-gsk,,20 January 2016,4.00,0.80,4.80,4.8,32
o-gsk,seal gasket,1,,,,,o-gsk,,20 January 2016,4.50,0.90,5.40,5.4,32
0.5580'eh,danfoss nozzle,3,,,,,0.5580'eh,,20 January 2016,3.85,0.77,4.62,13.86,32
0.6080'eh,danfoss nozzle,3,,,,,0.6080'eh,,20 January 2016,3.85,0.77,4.62,13.86,32
st699b1002,programmer 24 hr,1,,,,,st699b1002,,20 January 2016,71.50,14.30,85.80,85.8,32
lux3871425124,fan oven heater element,3,,,,,lux3871425124,,25 January 2016,8.25,1.65,9.9,29.7,34
hp62103,door interlock switch,1,,,,,hp62103,,25 January 2016,1.75,0.35,2.1,2.1,34
el14106,fan oven heater element,4,,,,,el14106,,25 January 2016,3.79,0.76,4.55,18.2,34
6758,carbon brushes ceset,1,,,,,6758,,26 January 2016,3.75,0.75,4.5,4.5,31
9894,carbon brushes sole,1,,,,,9894,,26 January 2016,4.54,0.91,5.45,5.45,31
c00196539,carbon brushes ariston,1,,,,,c00196539,,26 January 2016,5.10,1.02,6.12,6.12,31
og339,fan oven element beko,1,,,,,og339,,26 January 2016,3.89,0.78,4.67,4.67,31
ser322030500,ice box handle servis,1,,,,,ser322030500,,26 January 2016,7.69,1.54,9.23,9.23,31
be14106,grill heater element,1,,,,,be14106,,27 January 2016,3.85,0.77,4.62,4.62,34
ebi-s,danfoss ebi-m tranformer,3,,,,,ebi-s,,28 January 2016,15.90,3.18,19.08,57.24,32
be7a,"parker solenoid valve 1/8""",4,,,,,be7a,,28 January 2016,10.85,2.17,13.02,52.08,32
kt09-lead,parker solenoid valve lead,4,,,,,kt09-lead,,28 January 2016,5.04,1.01,6.05,24.2,32
qrb1b,siemensqrb1b photocell,2,,,,,qrb1b,,28 January 2016,6.00,1.20,7.20,14.4,32
0.4080'sf,danfoss nozzle,2,,,,,0.4080'sf,,28 January 2016,10.00,2.00,12.00,24,32
r2625,nuway aga monoblock electrode,2,,,,,r2625,,28 January 2016,22.00,4.40,26.40,52.8,32
y15,twisted glass yarn 6mm,1,,,,,y15,,28 January 2016,2.00,0.40,2.40,2.4,32
y21,braided glass yarn 10mm,1,,,,,y21,,28 January 2016,3.50,0.70,4.20,4.2,32
y23,braided glass yarn 12mm,1,,,,,y23,,28 January 2016,5.00,1.00,6.00,6,32
r3798,gasket head/duct,6,,,,,r3798,,28 January 2016,3.60,0.72,4.32,25.92,32
0.6580's,danfoss nozzle,4,,,,,0.6580's,,28 January 2016,3.85,0.77,4.62,18.48,32
0.4080'sf,danfoss nozzle,4,,,,,0.4080'sf,,28 January 2016,4.50,0.90,5.40,21.6,32
0.5580's,danfoss nozzle,2,,,,,0.5580's,,28 January 2016,3.85,0.77,4.62,9.24,32
qrld-f,photocell mounting flange,2,,,,,qrld-f,,28 January 2016,1.15,0.23,1.38,2.76,32
lyv4301bp,lyvia 230w  class linea,1,,,,,lyv4301bp,,10 February 2016,0.82,0.16,0.98,0.98,6
grj503169,drum paddle lifter,5,,,,,grj503169,,10 February 2016,7.98,1.60,9.58,47.9,6
bel082590800,energy regulator single,2,,,,,bel082590800,,11 February 2016,8.60,1.72,10.32,20.64,18
bsh660868,door seal gasket fastening,2,,,,,bsh660868,,11 February 2016,5.40,1.08,6.48,12.96,18
hptc00197976,carbon brush set laminate,3,,,,,hptc00197976,,11 February 2016,3.49,0.70,4.19,12.57,18
mfi651066393,evaporator handle catch,3,,,,,mfi651066393,,11 February 2016,4.37,0.87,5.24,15.72,18
quaint51,door interlock hotpoint,2,,,,,quaint51,,11 February 2016,1.99,0.40,2.39,4.78,18
oad-01,vapour burner fuel additive,5,,,,,oad-01,,15 February 2016,7.50,1.50,9.00,45,32
r2502-u,pump overrun stat,1,,,,,r2502-u,,15 February 2016,13.00,2.60,15.60,15.6,32
pcs,cylinder/pipe thermostat 20-90*c,1,,,,,pcs,,15 February 2016,7.50,1.50,9.00,9,32
0.50.60's,danfoss nozzle,2,,,,,0.50.60's,,15 February 2016,3.85,0.77,4.62,9.24,32
0.5580's,danfoss nozzle,2,,,,,0.5580's,,15 February 2016,3.85,0.77,4.62,9.24,32
0.6580's,danfoss nozzle,2,,,,,0.6580's,,15 February 2016,3.85,0.77,4.62,9.24,32
0.8580's,danfoss nozzle,2,,,,,0.8580's,,15 February 2016,3.85,0.77,4.62,9.24,32
bfp11r3b,danfoss bfp11r3 service pump,1,,,,,bfp11r3b,,15 February 2016,37.90,7.58,45.48,45.48,32
merc00199665,oven fan element ckr 240,3,,,,,merc00199665,,25 February 2016,5.70,1.14,6.84,20.52,6
lyv3411,lyvia 3469 slimline 20a,1,,,,,lyv3411,,25 February 2016,2.16,0.43,2.59,2.59,6
grj503169,drum paddle lifter,2,,,,,grj503169,,25 February 2016,7.98,1.60,9.58,19.16,6
cfc76802m,cable 6.0m twin & ear,3,,,,,cfc76802m,,25 February 2016,3.22,0.64,3.86,11.58,6
lyv3469,lyvia 3469 slimline 13a,1,,,,,lyv3469,,25 February 2016,2.42,0.48,2.9,2.9,6
,cable ties,1,,,,,cable ties,,26 February 2016,20.48,4.10,24.58,24.58,44
,flex,1,,,,,flex,,26 February 2016,15.85,3.17,19.02,19.02,44
fvln003474,screw m5 x 16 cap head,1,,,,,fvln003474,,10 March 2016,1.10,0.22,1.32,1.32,6
grj272028,balancing spring,2,,,,,grj272028,,10 March 2016,7.98,1.60,9.58,19.16,6
ele9123,grill element 1150w ck,4,,,,,ele9123,,10 March 2016,2.89,0.58,3.47,13.88,6
lyv3406,lyvia 3406 slimline,4,,,,,lyv3406,,10 March 2016,1.07,0.21,1.28,5.12,6
quacs25,collo hob black,5,,,,,quacs25,,16 March 2016,3.69,0.74,4.43,22.15,18
fvln003474,screw m5 x 16 cap head,2,,,,,fvln003474,,16 March 2016,0.99,0.20,1.19,2.38,18
quaele2015ego,element fan oven candy,2,,,,,quaele2015ego,,16 March 2016,5.90,1.18,7.08,14.16,18
wpl482000011533,jockey wheel idler,4,,,,,wpl482000011533,,16 March 2016,2.91,0.58,3.49,13.96,18
a2252,glass panel gasket,6,,,,,a2252,,17 March 2016,0.72,0.14,0.86,5.16,32
r2500-u,oven stat,1,,,,,r2500-u,,17 March 2016,13.00,2.60,15.60,15.6,32
r4083,thermostat cooker limit,1,,,,,r4083,,17 March 2016,15.10,3.02,18.12,18.12,32
8716142309,stat,1,,,,,8716142309,,17 March 2016,16.65,3.33,19.98,19.98,32
agaa03,aga ry sight  glass gskt,10,,,,,agaa03,,17 March 2016,1.66,0.33,1.99,19.9,37
040-80sf,non drip nozzle 040x80sf,2,,,,,040-80sf,,17 March 2016,10.38,2.08,12.46,24.92,37
065-80sf,non drip nozzle 065x80sf,2,,,,,065-80sf,,17 March 2016,10.38,2.08,12.46,24.92,37
040-80es,nozzles 0.40x80es,3,,,,,040-80es,,17 March 2016,4.35,0.87,5.22,15.66,37
065-80es,nozzles 0.65x80es,3,,,,,065-80es,,17 March 2016,3.85,0.77,4.62,13.86,37
r09m996352,oven stat boiler model,2,,,,,r09m996352,,17 March 2016,19.76,3.95,23.71,47.42,37
81518,20a double pole switch,3,,,,,81518,,18 March 2016,1.74,0.35,2.09,6.27,36
rnga94693,fan oven heater element,1,,,,,rnga94693,,22 March 2016,6.00,1.20,7.20,7.2,34
wel3340,lamp 15w ses e14 clear,10,,,,,wel3340,,22 March 2016,0.68,0.14,0.82,8.2,6
wel4813,lamp 15w ses e14 clear,10,,,,,wel4813,,22 March 2016,0.78,0.16,0.94,9.4,6
dst3970123018,element fan oven 2000w ,1,,,,,dst3970123018,,23 March 2016,9.50,1.90,11.40,11.4,18
jegppj112-30,30amp consumer unit fuse,5,,,,,jegppj112-30,,23 March 2016,1.59,0.32,1.91,9.55,18
quaele001,element fan oven belling,1,,,,,quaele001,,23 March 2016,3.20,0.64,3.84,3.84,18
qualele006,element fan oven creda,1,,,,,qualele006,,23 March 2016,1.95,0.39,2.34,2.34,18
qualele2044ego,element fan oven bosch,1,,,,,qualele2044ego,,23 March 2016,7.95,1.59,9.54,9.54,18
y3129591246110,maytag drum belt,1,,,,,y3129591246110,,27 March 2016,0.00,0.00,0.00,0,45
0.5580's,danfoss nozzle,2,,,,,0.5580's,,29 March 2016,3.85,0.77,4.62,9.24,32
bvli,oil isolation valve 10mm,5,,,,,bvli,,29 March 2016,2.50,0.50,3.00,15,32
b2018,yellow drive coupling,1,,,,,b2018,,30 March 2016,21.70,4.34,26.04,26.04,32
tf832,satronic tf832 control box,1,,,,,tf832,,30 March 2016,19.00,3.80,22.80,22.8,32